{"last_hash": "414fc712a18e4bc84422bdd77991009b", "change_alerts": [1779138069.7107458], "zamalek_alerts": [1779164470.1015782, 1779164829.9378438, 1779164890.5017052]}