{"last_hash": "4b28d08cf57ae79aaf8d031c8c24688e", "change_alerts": [1778529132.1055107], "zamalek_alerts": [1778584209.6979241, 1778584697.4694269, 1778584752.601878]}