{"last_hash": "bdb33329bd8263fccef8f0d5c1275b9b", "change_alerts": [1779051670.6056542], "zamalek_alerts": [1779084610.2217093, 1779084971.4765923, 1779085089.2372854]}