{"last_hash": "160507726b3bbe59657966b64856b6b5", "change_alerts": [1778764036.9660027], "zamalek_alerts": [1778788990.5197785, 1778789049.4062436, 1778789113.754372]}