{"last_hash": "160507726b3bbe59657966b64856b6b5", "change_alerts": [1778764036.9660027], "zamalek_alerts": [1778856129.6375942, 1778856311.3454514, 1778856551.668059]}