{"last_hash": "160507726b3bbe59657966b64856b6b5", "change_alerts": [1778764036.9660027], "zamalek_alerts": [1778773152.3463428, 1778773573.5188167, 1778773634.1034315]}