{"last_hash": "eeebdc459b5edf3d3bff855ee606e253", "change_alerts": [1779207313.696485], "zamalek_alerts": [1779223392.410579, 1779223689.584754, 1779223870.7593222]}