{"last_hash": "e5dad304fc12b822ee7d3d3c39383185", "change_alerts": [1778619676.1969736], "zamalek_alerts": [1778638575.2863283, 1778638937.1106517, 1778639114.1551023]}