{"last_hash": "cd3d283c1910afef400931b7c8b2643c", "change_alerts": [1778706069.8980925], "zamalek_alerts": [1778745914.314056, 1778746038.1915917, 1778746456.58762]}