{"last_hash": "09a45bc277757498a3c5adef5bcfd46b", "change_alerts": [1779123497.5290146], "zamalek_alerts": [1779123564.3808177, 1779123737.3252473, 1779124100.9079788]}