{"last_hash": "414fc712a18e4bc84422bdd77991009b", "change_alerts": [1779138069.7107458], "zamalek_alerts": [1779178330.1639807, 1779178450.2595363, 1779178569.9561327]}