{"last_hash": "eeebdc459b5edf3d3bff855ee606e253", "change_alerts": [1779207313.696485], "zamalek_alerts": [1779253868.9436195, 1779253990.2954197, 1779254229.1882732]}