{"last_hash": "160507726b3bbe59657966b64856b6b5", "change_alerts": [1778764036.9660027], "zamalek_alerts": [1778834534.2746341, 1778834708.5008283, 1778834769.4552667]}