{"last_hash": "160507726b3bbe59657966b64856b6b5", "change_alerts": [1778764036.9660027], "zamalek_alerts": [1778816714.3409667, 1778816888.6636522, 1778817308.123905]}