{"last_hash": "d809e5126780f3056f39e432d605d07a", "change_alerts": [1778691492.1375518], "zamalek_alerts": [1778694077.3274078, 1778694200.4149654, 1778694440.2891233]}