{"last_hash": "8f0b551d2fdf7d8df0c303f311657973", "change_alerts": [1778935510.2033863], "zamalek_alerts": [1778946431.1699653, 1778946489.8282669, 1778946969.971676]}