{"last_hash": "eeebdc459b5edf3d3bff855ee606e253", "change_alerts": [1779207313.696485], "zamalek_alerts": [1779283875.2938871, 1779283936.3418539, 1779284232.0377758]}