{"last_hash": "d65d0cd22cf0b16dbffd0e97b4f8de6c", "change_alerts": [1778673431.5610158], "zamalek_alerts": [1778676792.0893283, 1778676918.1044328, 1778677038.1299093]}