{"last_hash": "bdb33329bd8263fccef8f0d5c1275b9b", "change_alerts": [1779051670.6056542], "zamalek_alerts": [1779083769.81409, 1779084008.7096806, 1779084309.4802938]}