{"last_hash": "414fc712a18e4bc84422bdd77991009b", "change_alerts": [1779138069.7107458], "zamalek_alerts": [1779190809.5002735, 1779191170.889516, 1779191233.2237039]}