{"last_hash": "bdb33329bd8263fccef8f0d5c1275b9b", "change_alerts": [1779051670.6056542], "zamalek_alerts": [1779051428.6747344, 1779051548.022966, 1779051610.0043705]}