{"last_hash": "bdb33329bd8263fccef8f0d5c1275b9b", "change_alerts": [1779051670.6056542], "zamalek_alerts": [1779090789.7740479, 1779090972.7197201, 1779091031.6170468]}