{"last_hash": "8b52f514fbd6943a2b525940425deba0", "change_alerts": [1779296282.168154], "zamalek_alerts": [1779305533.1276047, 1779305773.2365613, 1779306071.7979288]}