{"last_hash": "eeebdc459b5edf3d3bff855ee606e253", "change_alerts": [1779207313.696485], "zamalek_alerts": [1779214880.3299022, 1779214930.57559, 1779215230.413359]}