{"last_hash": "29e48f96202c0e71dba54072292f5e29", "change_alerts": [1778954288.3403544], "zamalek_alerts": [1778961488.5551758, 1778961729.6787376, 1778961910.6741126]}