{"last_hash": "29e48f96202c0e71dba54072292f5e29", "change_alerts": [1778954288.3403544], "zamalek_alerts": [1778957888.0885062, 1778958069.1338074, 1778958248.231052]}