{"last_hash": "414fc712a18e4bc84422bdd77991009b", "change_alerts": [1779138069.7107458], "zamalek_alerts": [1779188172.636162, 1779188532.2477705, 1779188714.5974913]}