{"last_hash": "f1eef776466564488f0819108830e643", "change_alerts": [1779037088.3075016], "zamalek_alerts": [1778964728.3663683, 1778964908.775344, 1778965148.4410048]}