{"last_hash": "ec2410e3a0550a47ec3cf487f0337c42", "change_alerts": [1778947090.3742], "zamalek_alerts": [1778952849.6529405, 1778952908.2616873, 1778953028.5551052]}