{"last_hash": "0651d0d119cc208bb07ffceb268a13bc", "change_alerts": [1779738548.174365], "zamalek_alerts": [1779310214.8876493, 1779310509.989222, 1779310630.4401844]}