{"last_hash": "73821e7f67b267a87904e38e09d8c77c", "change_alerts": [1778684240.65375], "zamalek_alerts": [1778687063.6563327, 1778687175.1449647, 1778687597.8358865]}