{"last_hash": "09a45bc277757498a3c5adef5bcfd46b", "change_alerts": [1779123497.5290146], "zamalek_alerts": [1779126027.5859895, 1779126197.2002947, 1779126259.9249876]}