{"last_hash": "0587e7417fb5539c759039ec1e9528c0", "change_alerts": [1778857089.4232304], "zamalek_alerts": [1778858590.454246, 1778858830.37212, 1778859189.234692]}