{"last_hash": "8b52f514fbd6943a2b525940425deba0", "change_alerts": [1779296282.168154], "zamalek_alerts": [1779307032.7607286, 1779307391.3174543, 1779307452.1595068]}