{"last_hash": "4b28d08cf57ae79aaf8d031c8c24688e", "change_alerts": [1778529132.1055107], "zamalek_alerts": [1778547014.4452245, 1778547073.8456519, 1778547369.934606]}