{"last_hash": "8b52f514fbd6943a2b525940425deba0", "change_alerts": [1779296282.168154], "zamalek_alerts": [1779301030.6884735, 1779301273.1988792, 1779301510.4650002]}