{"last_hash": "cd3d283c1910afef400931b7c8b2643c", "change_alerts": [1778706069.8980925], "zamalek_alerts": [1778746456.58762, 1778746516.7083092, 1778746689.314632]}