{"last_hash": "e5dad304fc12b822ee7d3d3c39383185", "change_alerts": [1778619676.1969736], "zamalek_alerts": [1778632814.7010984, 1778633234.7956204, 1778633356.340909]}