{"last_hash": "01499f8689f49265abb305ae85838fd7", "change_alerts": [1780677605.6885364], "zamalek_alerts": [1779310214.8876493, 1779310509.989222, 1779310630.4401844]}