{"last_hash": "eeebdc459b5edf3d3bff855ee606e253", "change_alerts": [1779207313.696485], "zamalek_alerts": [1779216190.895824, 1779216251.4442892, 1779216550.8809936]}