{"last_hash": "7a7bc9fe4c443d8f754c201100c50357", "change_alerts": [1778864289.1329484], "zamalek_alerts": [1778867531.7197366, 1778867768.9905024, 1778867828.9399924]}