{"last_hash": "160507726b3bbe59657966b64856b6b5", "change_alerts": [1778764036.9660027], "zamalek_alerts": [1778850250.098894, 1778850550.8805573, 1778850791.4402933]}