{"last_hash": "8b52f514fbd6943a2b525940425deba0", "change_alerts": [1779296282.168154], "zamalek_alerts": [1779310029.9874325, 1779310214.8876493, 1779310509.989222]}