{"last_hash": "cd3d283c1910afef400931b7c8b2643c", "change_alerts": [1778878869.4335852], "zamalek_alerts": [1778889489.658402, 1778889608.9166398, 1778889728.7004938]}