{"last_hash": "cd3d283c1910afef400931b7c8b2643c", "change_alerts": [1778706069.8980925], "zamalek_alerts": [1778723595.2174146, 1778723650.7015014, 1778723949.2025628]}