{"last_hash": "8b52f514fbd6943a2b525940425deba0", "change_alerts": [1779296282.168154], "zamalek_alerts": [1779298932.4581835, 1779299111.9593346, 1779299351.8613377]}