{"last_hash": "1fbe6770728135e142c32e162f42c26d", "change_alerts": [1779048249.8664134], "zamalek_alerts": [1779049688.5396235, 1779050168.213113, 1779050288.1801841]}