{"last_hash": "cd3d283c1910afef400931b7c8b2643c", "change_alerts": [1778706069.8980925], "zamalek_alerts": [1778712609.0111494, 1778712789.0755618, 1778712907.8927348]}