{"last_hash": "9a9afeefad2bf46c934200a821ef00ae", "change_alerts": [1779458289.906395], "zamalek_alerts": [1779310214.8876493, 1779310509.989222, 1779310630.4401844]}