{"last_hash": "cd3d283c1910afef400931b7c8b2643c", "change_alerts": [1778706069.8980925], "zamalek_alerts": [1778724615.1488438, 1778724856.342794, 1778724909.8723743]}