{"last_hash": "cd3d283c1910afef400931b7c8b2643c", "change_alerts": [1778706069.8980925], "zamalek_alerts": [1778760981.7669544, 1778761391.4641483, 1778761449.9729285]}