{"last_hash": "160507726b3bbe59657966b64856b6b5", "change_alerts": [1778764036.9660027], "zamalek_alerts": [1778776762.9332917, 1778776876.5679555, 1778777057.1066928]}