{"last_hash": "160507726b3bbe59657966b64856b6b5", "change_alerts": [1778764036.9660027], "zamalek_alerts": [1778806455.276984, 1778806575.436754, 1778806930.1301677]}