{"last_hash": "6b097bb856b067af1f18dcb7eef033d7", "change_alerts": [1779105430.6761575], "zamalek_alerts": [1779111855.428399, 1779112151.9468918, 1779112452.1132226]}