{"last_hash": "414fc712a18e4bc84422bdd77991009b", "change_alerts": [1779138069.7107458], "zamalek_alerts": [1779152470.5340948, 1779152591.4832287, 1779152829.6482341]}