{"last_hash": "d809e5126780f3056f39e432d605d07a", "change_alerts": [1778691492.1375518], "zamalek_alerts": [1778702718.3703432, 1778702955.7737474, 1778703082.6840155]}