{"last_hash": "bdb33329bd8263fccef8f0d5c1275b9b", "change_alerts": [1779051670.6056542], "zamalek_alerts": [1779097210.7049553, 1779097390.2676134, 1779097510.8038898]}