{"last_hash": "eeebdc459b5edf3d3bff855ee606e253", "change_alerts": [1779207313.696485], "zamalek_alerts": [1779266831.6113672, 1779267250.7788413, 1779267310.3865147]}