{"last_hash": "29e48f96202c0e71dba54072292f5e29", "change_alerts": [1778954288.3403544], "zamalek_alerts": [1778960829.371377, 1778961128.7487314, 1778961307.6836455]}