{"last_hash": "bdb33329bd8263fccef8f0d5c1275b9b", "change_alerts": [1779051670.6056542], "zamalek_alerts": [1779069789.2730625, 1779069849.1658828, 1779070268.9946916]}