{"last_hash": "cd3d283c1910afef400931b7c8b2643c", "change_alerts": [1778706069.8980925], "zamalek_alerts": [1778729773.7933838, 1778729954.995605, 1778730069.124157]}