{"last_hash": "d809e5126780f3056f39e432d605d07a", "change_alerts": [1778691492.1375518], "zamalek_alerts": [1778695702.0755818, 1778695989.2119563, 1778696117.023874]}