{"last_hash": "cd3d283c1910afef400931b7c8b2643c", "change_alerts": [1778706069.8980925], "zamalek_alerts": [1778736307.602724, 1778736434.477397, 1778736847.6751215]}