{"last_hash": "4b28d08cf57ae79aaf8d031c8c24688e", "change_alerts": [1778529132.1055107], "zamalek_alerts": [1778532861.2928965, 1778533096.220387, 1778533154.1042364]}