{"last_hash": "414fc712a18e4bc84422bdd77991009b", "change_alerts": [1779138069.7107458], "zamalek_alerts": [1779160570.3994255, 1779160988.2075133, 1779161050.8499782]}