{"last_hash": "160507726b3bbe59657966b64856b6b5", "change_alerts": [1778764036.9660027], "zamalek_alerts": [1778789592.9790199, 1778789710.2936223, 1778789776.8207316]}