{"last_hash": "82ac63762b1cda307723b4a844db1259", "change_alerts": [1779548289.3503914], "zamalek_alerts": [1779310214.8876493, 1779310509.989222, 1779310630.4401844]}