{"last_hash": "eeebdc459b5edf3d3bff855ee606e253", "change_alerts": [1779207313.696485], "zamalek_alerts": [1779256208.493343, 1779256448.8795488, 1779256628.6515868]}