{"last_hash": "8b52f514fbd6943a2b525940425deba0", "change_alerts": [1779296282.168154], "zamalek_alerts": [1779296339.87695, 1779296609.2369359, 1779296878.5860608]}