{"last_hash": "686dae7d36c901cf2f6b8b6c82352b83", "change_alerts": [1778587096.5849915], "zamalek_alerts": [1778590451.7563267, 1778590513.6194975, 1778590693.2225926]}