{"last_hash": "cd3d283c1910afef400931b7c8b2643c", "change_alerts": [1778706069.8980925], "zamalek_alerts": [1778731988.3245287, 1778732295.5980256, 1778732531.0689564]}