{"last_hash": "ec2410e3a0550a47ec3cf487f0337c42", "change_alerts": [1778947090.3742], "zamalek_alerts": [1778950210.4439669, 1778950328.5229802, 1778950450.9334817]}