{"last_hash": "160507726b3bbe59657966b64856b6b5", "change_alerts": [1778764036.9660027], "zamalek_alerts": [1778821091.0752547, 1778821275.6787019, 1778821390.4598644]}