{"last_hash": "4b28d08cf57ae79aaf8d031c8c24688e", "change_alerts": [1778529132.1055107], "zamalek_alerts": [1778574556.1800084, 1778574616.3339562, 1778575096.0946817]}