{"last_hash": "73821e7f67b267a87904e38e09d8c77c", "change_alerts": [1778684240.65375], "zamalek_alerts": [1778689577.656599, 1778689698.0999246, 1778690111.959012]}