{"last_hash": "eeebdc459b5edf3d3bff855ee606e253", "change_alerts": [1779207313.696485], "zamalek_alerts": [1779237509.2352552, 1779237550.263264, 1779237790.7924004]}