{"last_hash": "160507726b3bbe59657966b64856b6b5", "change_alerts": [1778764036.9660027], "zamalek_alerts": [1778763557.3777223, 1778763974.2001495, 1778764037.4112828]}