{"last_hash": "160507726b3bbe59657966b64856b6b5", "change_alerts": [1778764036.9660027], "zamalek_alerts": [1778800570.0907667, 1778800811.3870616, 1778801108.1249971]}