{"last_hash": "160507726b3bbe59657966b64856b6b5", "change_alerts": [1778764036.9660027], "zamalek_alerts": [1778849589.8193843, 1778849890.3338099, 1778850132.0247076]}