{"last_hash": "cd3d283c1910afef400931b7c8b2643c", "change_alerts": [1778706069.8980925], "zamalek_alerts": [1778711589.8738127, 1778711949.7627559, 1778712136.444834]}