{"last_hash": "4b28d08cf57ae79aaf8d031c8c24688e", "change_alerts": [1778529132.1055107], "zamalek_alerts": [1778573890.624501, 1778573956.1225471, 1778574436.3460195]}