{"last_hash": "d65d0cd22cf0b16dbffd0e97b4f8de6c", "change_alerts": [1778673431.5610158], "zamalek_alerts": [1778673737.1286535, 1778673849.9928012, 1778674331.0646093]}