{"last_hash": "160507726b3bbe59657966b64856b6b5", "change_alerts": [1778764036.9660027], "zamalek_alerts": [1778766553.201941, 1778766671.4194858, 1778766790.5545354]}