{"last_hash": "bdb33329bd8263fccef8f0d5c1275b9b", "change_alerts": [1779051670.6056542], "zamalek_alerts": [1779084309.4802938, 1779084430.9332166, 1779084610.2217093]}