{"last_hash": "414fc712a18e4bc84422bdd77991009b", "change_alerts": [1779138069.7107458], "zamalek_alerts": [1779137829.477333, 1779137949.7884028, 1779138371.8859916]}