{"last_hash": "4b28d08cf57ae79aaf8d031c8c24688e", "change_alerts": [1778529132.1055107], "zamalek_alerts": [1778548635.1460714, 1778548994.2853177, 1778549054.4767182]}