{"last_hash": "414fc712a18e4bc84422bdd77991009b", "change_alerts": [1779138069.7107458], "zamalek_alerts": [1779143768.8188348, 1779144129.3805943, 1779144368.7611406]}