{"last_hash": "d809e5126780f3056f39e432d605d07a", "change_alerts": [1778691492.1375518], "zamalek_alerts": [1778700199.8918543, 1778700378.1045923, 1778700612.1806266]}