{"last_hash": "8b52f514fbd6943a2b525940425deba0", "change_alerts": [1779296282.168154], "zamalek_alerts": [1779300009.6018422, 1779300193.630858, 1779300374.5333898]}