{"last_hash": "29e48f96202c0e71dba54072292f5e29", "change_alerts": [1778954288.3403544], "zamalek_alerts": [1778963829.2647533, 1778964070.5393443, 1778964307.9100566]}