{"last_hash": "e5dad304fc12b822ee7d3d3c39383185", "change_alerts": [1778619676.1969736], "zamalek_alerts": [1778629581.678788, 1778630055.8484645, 1778630174.7411609]}