{"last_hash": "414fc712a18e4bc84422bdd77991009b", "change_alerts": [1779138069.7107458], "zamalek_alerts": [1779140408.8164217, 1779140528.8675425, 1779140949.4842904]}