{"last_hash": "bdb33329bd8263fccef8f0d5c1275b9b", "change_alerts": [1779051670.6056542], "zamalek_alerts": [1779092953.2423034, 1779093369.3855772, 1779093549.371987]}