{"last_hash": "8b52f514fbd6943a2b525940425deba0", "change_alerts": [1779296282.168154], "zamalek_alerts": [1779309372.873993, 1779309551.24246, 1779309908.6821167]}