{"last_hash": "160507726b3bbe59657966b64856b6b5", "change_alerts": [1778764036.9660027], "zamalek_alerts": [1778846890.0333247, 1778847010.474281, 1778847310.701215]}