{"last_hash": "414fc712a18e4bc84422bdd77991009b", "change_alerts": [1779138069.7107458], "zamalek_alerts": [1779140949.4842904, 1779141069.2048485, 1779141129.653053]}