{"last_hash": "4b28d08cf57ae79aaf8d031c8c24688e", "change_alerts": [1778529132.1055107], "zamalek_alerts": [1778578876.5445561, 1778578991.5667043, 1778579110.4954257]}