{"last_hash": "eeebdc459b5edf3d3bff855ee606e253", "change_alerts": [1779207313.696485], "zamalek_alerts": [1779238750.5223074, 1779238870.0572312, 1779239109.1312835]}