{"last_hash": "160507726b3bbe59657966b64856b6b5", "change_alerts": [1778764036.9660027], "zamalek_alerts": [1778822589.6844935, 1778822708.2683375, 1778823069.200104]}