{"last_hash": "73821e7f67b267a87904e38e09d8c77c", "change_alerts": [1778684240.65375], "zamalek_alerts": [1778690357.1821845, 1778690717.5929694, 1778690892.2645369]}