{"last_hash": "eeebdc459b5edf3d3bff855ee606e253", "change_alerts": [1779207313.696485], "zamalek_alerts": [1779242348.645841, 1779242588.9561582, 1779242710.0719113]}