{"last_hash": "cd3d283c1910afef400931b7c8b2643c", "change_alerts": [1778878869.4335852], "zamalek_alerts": [1778883728.6779797, 1778883789.665789, 1778883909.746278]}