{"last_hash": "8f0b551d2fdf7d8df0c303f311657973", "change_alerts": [1778935510.2033863], "zamalek_alerts": [1778935028.633089, 1778935390.198057, 1778935510.725857]}