{"last_hash": "d809e5126780f3056f39e432d605d07a", "change_alerts": [1778691492.1375518], "zamalek_alerts": [1778699297.2020638, 1778699532.4372475, 1778699776.8457649]}