{"last_hash": "e5dad304fc12b822ee7d3d3c39383185", "change_alerts": [1778619676.1969736], "zamalek_alerts": [1778637971.381941, 1778638335.3946512, 1778638449.4279022]}