{"last_hash": "0587e7417fb5539c759039ec1e9528c0", "change_alerts": [1778857089.4232304], "zamalek_alerts": [1778861773.1781251, 1778861892.0344505, 1778862011.4491239]}