{"last_hash": "414fc712a18e4bc84422bdd77991009b", "change_alerts": [1779138069.7107458], "zamalek_alerts": [1779164169.729763, 1779164289.6064343, 1779164470.1015782]}