{"last_hash": "cd3d283c1910afef400931b7c8b2643c", "change_alerts": [1778878869.4335852], "zamalek_alerts": [1778934068.180246, 1778934248.7551355, 1778934368.841134]}