{"last_hash": "4b28d08cf57ae79aaf8d031c8c24688e", "change_alerts": [1778529132.1055107], "zamalek_alerts": [1778578338.0507267, 1778578451.7739496, 1778578876.5445561]}