{"last_hash": "09a45bc277757498a3c5adef5bcfd46b", "change_alerts": [1779123497.5290146], "zamalek_alerts": [1779124767.5771997, 1779124879.6815915, 1779124993.6823964]}