{"last_hash": "1fbe6770728135e142c32e162f42c26d", "change_alerts": [1779048249.8664134], "zamalek_alerts": [1779049509.5785542, 1779049627.5806007, 1779049688.5396235]}