{"last_hash": "cd3d283c1910afef400931b7c8b2643c", "change_alerts": [1778878869.4335852], "zamalek_alerts": [1778898607.8158448, 1778898669.2312489, 1778898727.9403834]}