{"last_hash": "eeebdc459b5edf3d3bff855ee606e253", "change_alerts": [1779207313.696485], "zamalek_alerts": [1779287662.6236176, 1779287840.4332824, 1779287961.769924]}