{"last_hash": "1fbe6770728135e142c32e162f42c26d", "change_alerts": [1779048249.8664134], "zamalek_alerts": [1779048971.0448854, 1779049028.7076206, 1779049509.5785542]}