{"last_hash": "414fc712a18e4bc84422bdd77991009b", "change_alerts": [1779138069.7107458], "zamalek_alerts": [1779166748.9216645, 1779166809.9490597, 1779167048.7718818]}