{"last_hash": "eeebdc459b5edf3d3bff855ee606e253", "change_alerts": [1779207313.696485], "zamalek_alerts": [1779215230.413359, 1779215531.9752328, 1779215592.121897]}