{"last_hash": "29e48f96202c0e71dba54072292f5e29", "change_alerts": [1778954288.3403544], "zamalek_alerts": [1778962149.2657022, 1778962388.2355208, 1778962569.1269011]}