{"last_hash": "d751713988987e9331980363e24189ce", "change_alerts": [1779570068.977822], "zamalek_alerts": [1779310214.8876493, 1779310509.989222, 1779310630.4401844]}