{"last_hash": "414fc712a18e4bc84422bdd77991009b", "change_alerts": [1779138069.7107458], "zamalek_alerts": [1779174673.1165745, 1779175090.890433, 1779175211.5785358]}