{"last_hash": "414fc712a18e4bc84422bdd77991009b", "change_alerts": [1779138069.7107458], "zamalek_alerts": [1779151328.8093421, 1779151568.8409157, 1779151868.3848662]}