{"last_hash": "6b097bb856b067af1f18dcb7eef033d7", "change_alerts": [1779105430.6761575], "zamalek_alerts": [1779105610.3894825, 1779105672.2580798, 1779105911.6479905]}