{"last_hash": "414fc712a18e4bc84422bdd77991009b", "change_alerts": [1779138069.7107458], "zamalek_alerts": [1779159008.5559242, 1779159070.4079945, 1779159368.3635788]}