{"last_hash": "160507726b3bbe59657966b64856b6b5", "change_alerts": [1778764036.9660027], "zamalek_alerts": [1778784489.9577835, 1778784609.3845537, 1778784672.3375533]}