{"last_hash": "4b28d08cf57ae79aaf8d031c8c24688e", "change_alerts": [1778529132.1055107], "zamalek_alerts": [1778540708.3072479, 1778540955.4386318, 1778541188.848982]}