{"last_hash": "07aa9a79b4b0c25d08240312482f025e", "change_alerts": [1779289092.580766], "zamalek_alerts": [1779289937.749397, 1779290291.4915633, 1779290472.6518261]}