{"last_hash": "160507726b3bbe59657966b64856b6b5", "change_alerts": [1778764036.9660027], "zamalek_alerts": [1778798890.0390577, 1778799196.3158393, 1778799251.1685808]}