{"last_hash": "160507726b3bbe59657966b64856b6b5", "change_alerts": [1778764036.9660027], "zamalek_alerts": [1778798588.9800684, 1778798648.9122825, 1778798890.0390577]}