{"last_hash": "d809e5126780f3056f39e432d605d07a", "change_alerts": [1778691492.1375518], "zamalek_alerts": [1778702349.3580487, 1778702480.3320074, 1778702718.3703432]}