{"last_hash": "3c278a109c702c71c2dfdf634a68d16f", "change_alerts": [1778597838.529936], "zamalek_alerts": [1778602093.1145236, 1778602218.1144478, 1778602636.78914]}