{"last_hash": "e5dad304fc12b822ee7d3d3c39383185", "change_alerts": [1778619676.1969736], "zamalek_alerts": [1778626454.8718433, 1778626809.4550679, 1778626869.2974176]}