{"last_hash": "414fc712a18e4bc84422bdd77991009b", "change_alerts": [1779138069.7107458], "zamalek_alerts": [1779195252.9156039, 1779195554.058761, 1779195674.0007417]}