{"last_hash": "160507726b3bbe59657966b64856b6b5", "change_alerts": [1778764036.9660027], "zamalek_alerts": [1778818028.8232622, 1778818150.0652816, 1778818509.338018]}