{"last_hash": "160507726b3bbe59657966b64856b6b5", "change_alerts": [1778764036.9660027], "zamalek_alerts": [1778779450.1457305, 1778779577.5462523, 1778780049.8111086]}