{"last_hash": "8f0b551d2fdf7d8df0c303f311657973", "change_alerts": [1778935510.2033863], "zamalek_alerts": [1778945227.4440134, 1778945707.681024, 1778945769.0819008]}