{"last_hash": "07aa9a79b4b0c25d08240312482f025e", "change_alerts": [1779289092.580766], "zamalek_alerts": [1779293596.9162586, 1779293813.512936, 1779294123.519055]}