{"last_hash": "160507726b3bbe59657966b64856b6b5", "change_alerts": [1778764036.9660027], "zamalek_alerts": [1778766790.5545354, 1778767210.430128, 1778767278.283376]}