{"last_hash": "686dae7d36c901cf2f6b8b6c82352b83", "change_alerts": [1778587096.5849915], "zamalek_alerts": [1778593637.454752, 1778593699.0260983, 1778593934.4202125]}