{"last_hash": "bdb33329bd8263fccef8f0d5c1275b9b", "change_alerts": [1779051670.6056542], "zamalek_alerts": [1779089709.8075583, 1779089771.1018965, 1779090130.7751505]}