{"last_hash": "29e48f96202c0e71dba54072292f5e29", "change_alerts": [1778954288.3403544], "zamalek_alerts": [1778955549.4209607, 1778955608.2346401, 1778955970.6373622]}