{"last_hash": "bdb33329bd8263fccef8f0d5c1275b9b", "change_alerts": [1779051670.6056542], "zamalek_alerts": [1779065888.2621658, 1779066009.428794, 1779066430.2436445]}