{"last_hash": "414fc712a18e4bc84422bdd77991009b", "change_alerts": [1779138069.7107458], "zamalek_alerts": [1779202393.2565284, 1779202632.5741365, 1779202695.0918355]}