{"last_hash": "414fc712a18e4bc84422bdd77991009b", "change_alerts": [1779138069.7107458], "zamalek_alerts": [1779201974.171684, 1779202094.1690454, 1779202393.2565284]}