{"last_hash": "686dae7d36c901cf2f6b8b6c82352b83", "change_alerts": [1778587096.5849915], "zamalek_alerts": [1778590693.2225926, 1778591119.4901395, 1778591171.2333972]}