{"last_hash": "414fc712a18e4bc84422bdd77991009b", "change_alerts": [1779138069.7107458], "zamalek_alerts": [1779167048.7718818, 1779167409.7459612, 1779167469.2697113]}