{"last_hash": "ce8561d97dcba956b5fb169ac5387de3", "change_alerts": [1779116294.0960925], "zamalek_alerts": [1779118396.31299, 1779118696.185112, 1779118937.096792]}