{"last_hash": "8b52f514fbd6943a2b525940425deba0", "change_alerts": [1779296282.168154], "zamalek_alerts": [1779301931.633864, 1779302112.6815417, 1779302351.3943868]}