{"last_hash": "160507726b3bbe59657966b64856b6b5", "change_alerts": [1778764036.9660027], "zamalek_alerts": [1778802728.6391826, 1778803089.838596, 1778803149.5919328]}