{"last_hash": "414fc712a18e4bc84422bdd77991009b", "change_alerts": [1779138069.7107458], "zamalek_alerts": [1779179710.4292796, 1779179772.82389, 1779180191.590484]}