{"last_hash": "4b28d08cf57ae79aaf8d031c8c24688e", "change_alerts": [1778529132.1055107], "zamalek_alerts": [1778531171.245516, 1778531230.9107308, 1778531648.6992378]}