{"last_hash": "0587e7417fb5539c759039ec1e9528c0", "change_alerts": [1778857089.4232304], "zamalek_alerts": [1778856551.668059, 1778856730.2055647, 1778856969.3194246]}