{"last_hash": "160507726b3bbe59657966b64856b6b5", "change_alerts": [1778764036.9660027], "zamalek_alerts": [1778771658.8883066, 1778771716.1496944, 1778771901.8181772]}