{"last_hash": "bdb33329bd8263fccef8f0d5c1275b9b", "change_alerts": [1779051670.6056542], "zamalek_alerts": [1779062530.093289, 1779062650.6200984, 1779062708.9002135]}