{"last_hash": "eeebdc459b5edf3d3bff855ee606e253", "change_alerts": [1779207313.696485], "zamalek_alerts": [1779230351.6220787, 1779230410.3478997, 1779230769.8312414]}