{"last_hash": "1fbe6770728135e142c32e162f42c26d", "change_alerts": [1779048249.8664134], "zamalek_alerts": [1779048250.4694786, 1779048309.5193102, 1779048370.281706]}