{"last_hash": "8b52f514fbd6943a2b525940425deba0", "change_alerts": [1779296282.168154], "zamalek_alerts": [1779303853.2349713, 1779304090.9786963, 1779304330.7011216]}