{"last_hash": "0bbb663d12daf45b3218e88e071865f3", "change_alerts": [1778680690.9927504], "zamalek_alerts": [1778682737.4502184, 1778683161.2654383, 1778683274.4211168]}