{"last_hash": "8f0b551d2fdf7d8df0c303f311657973", "change_alerts": [1778935510.2033863], "zamalek_alerts": [1778936289.815021, 1778936649.6726737, 1778936828.7235308]}