{"last_hash": "e5dad304fc12b822ee7d3d3c39383185", "change_alerts": [1778619676.1969736], "zamalek_alerts": [1778646008.6660602, 1778646249.8831508, 1778646309.208985]}