{"last_hash": "cd3d283c1910afef400931b7c8b2643c", "change_alerts": [1778706069.8980925], "zamalek_alerts": [1778754069.8036056, 1778754370.454289, 1778754430.3200362]}