{"last_hash": "414fc712a18e4bc84422bdd77991009b", "change_alerts": [1779138069.7107458], "zamalek_alerts": [1779152829.6482341, 1779153189.296552, 1779153250.6851287]}