{"last_hash": "414fc712a18e4bc84422bdd77991009b", "change_alerts": [1779138069.7107458], "zamalek_alerts": [1779168969.9410288, 1779169389.0961194, 1779169450.0463564]}