{"last_hash": "cd3d283c1910afef400931b7c8b2643c", "change_alerts": [1778706069.8980925], "zamalek_alerts": [1778755750.6165047, 1778755929.4431071, 1778756296.0250604]}