{"last_hash": "160507726b3bbe59657966b64856b6b5", "change_alerts": [1778764036.9660027], "zamalek_alerts": [1778828770.1683168, 1778829129.4920235, 1778829189.4761262]}