{"last_hash": "170b14ff73ad3b98703c213821f74d9a", "change_alerts": [1779985841.6510997], "zamalek_alerts": [1779310214.8876493, 1779310509.989222, 1779310630.4401844]}