{"last_hash": "160507726b3bbe59657966b64856b6b5", "change_alerts": [1778764036.9660027], "zamalek_alerts": [1778815451.9974232, 1778815571.268637, 1778815995.4599092]}