{"last_hash": "414fc712a18e4bc84422bdd77991009b", "change_alerts": [1779138069.7107458], "zamalek_alerts": [1779205033.6829553, 1779205095.0294802, 1779205271.3769724]}