{"last_hash": "eeebdc459b5edf3d3bff855ee606e253", "change_alerts": [1779207313.696485], "zamalek_alerts": [1779208991.4296968, 1779209050.7369077, 1779209529.2869413]}