{"last_hash": "cd3d283c1910afef400931b7c8b2643c", "change_alerts": [1778878869.4335852], "zamalek_alerts": [1778897948.732849, 1778898008.0273674, 1778898068.008584]}