{"last_hash": "d809e5126780f3056f39e432d605d07a", "change_alerts": [1778691492.1375518], "zamalek_alerts": [1778701270.8277814, 1778701455.2728658, 1778701690.8646824]}