{"last_hash": "2a4efa092bd22dd808ac0f527a7df1bb", "change_alerts": [1778605095.8961227], "zamalek_alerts": [1778611509.6213586, 1778611632.2696993, 1778611752.8198876]}