{"last_hash": "4b28d08cf57ae79aaf8d031c8c24688e", "change_alerts": [1778529132.1055107], "zamalek_alerts": [1778553555.7889261, 1778553728.7931788, 1778554095.0325701]}