{"last_hash": "686dae7d36c901cf2f6b8b6c82352b83", "change_alerts": [1778587096.5849915], "zamalek_alerts": [1778591838.358237, 1778592011.2514558, 1778592370.9486535]}