{"last_hash": "d65d0cd22cf0b16dbffd0e97b4f8de6c", "change_alerts": [1778673431.5610158], "zamalek_alerts": [1778673014.910033, 1778673075.562054, 1778673196.5511432]}