{"last_hash": "e5dad304fc12b822ee7d3d3c39383185", "change_alerts": [1778619676.1969736], "zamalek_alerts": [1778662637.1286335, 1778663056.1990197, 1778663118.6557443]}