{"last_hash": "09a45bc277757498a3c5adef5bcfd46b", "change_alerts": [1779123497.5290146], "zamalek_alerts": [1779124100.9079788, 1779124213.8524857, 1779124355.4394598]}