{"last_hash": "4b28d08cf57ae79aaf8d031c8c24688e", "change_alerts": [1778529132.1055107], "zamalek_alerts": [1778559249.669373, 1778559495.3209655, 1778559615.9664226]}