{"last_hash": "07aa9a79b4b0c25d08240312482f025e", "change_alerts": [1779289092.580766], "zamalek_alerts": [1779289272.1780305, 1779289633.3340719, 1779289812.6500337]}