{"last_hash": "160507726b3bbe59657966b64856b6b5", "change_alerts": [1778764036.9660027], "zamalek_alerts": [1778835190.298691, 1778835310.1803727, 1778835435.3099246]}