{"last_hash": "07aa9a79b4b0c25d08240312482f025e", "change_alerts": [1779289092.580766], "zamalek_alerts": [1779293175.565856, 1779293492.8373425, 1779293596.9162586]}