{"last_hash": "be51e12da6e04146e96d2de7d3445bb5", "change_alerts": [1778594263.268594], "zamalek_alerts": [1778593699.0260983, 1778593934.4202125, 1778594264.1068516]}