{"last_hash": "e5dad304fc12b822ee7d3d3c39383185", "change_alerts": [1778619676.1969736], "zamalek_alerts": [1778645354.7823565, 1778645595.956581, 1778645648.1933968]}