{"last_hash": "eeebdc459b5edf3d3bff855ee606e253", "change_alerts": [1779207313.696485], "zamalek_alerts": [1779270550.4360564, 1779270789.8380735, 1779271091.1237144]}