{"last_hash": "cd3d283c1910afef400931b7c8b2643c", "change_alerts": [1778706069.8980925], "zamalek_alerts": [1778717889.9228075, 1778718070.8125422, 1778718434.8108418]}