{"last_hash": "6b097bb856b067af1f18dcb7eef033d7", "change_alerts": [1779105430.6761575], "zamalek_alerts": [1779110653.149736, 1779110832.0945926, 1779111191.2271004]}