{"last_hash": "699133c075014e70ca5519f14a3bc322", "change_alerts": [1779029889.1605668], "zamalek_alerts": [1778964728.3663683, 1778964908.775344, 1778965148.4410048]}