{"last_hash": "0587e7417fb5539c759039ec1e9528c0", "change_alerts": [1778857089.4232304], "zamalek_alerts": [1778859910.3235915, 1778860090.6482666, 1778860450.4279869]}