{"last_hash": "8f0b551d2fdf7d8df0c303f311657973", "change_alerts": [1778935510.2033863], "zamalek_alerts": [1778945769.0819008, 1778945829.2136657, 1778946369.0618336]}