{"last_hash": "2a4efa092bd22dd808ac0f527a7df1bb", "change_alerts": [1778605095.8961227], "zamalek_alerts": [1778609794.1926763, 1778610257.6993527, 1778610376.5993598]}