{"last_hash": "bdb33329bd8263fccef8f0d5c1275b9b", "change_alerts": [1779051670.6056542], "zamalek_alerts": [1779100449.7417405, 1779100510.7535598, 1779100811.3788104]}