{"last_hash": "cd3d283c1910afef400931b7c8b2643c", "change_alerts": [1778706069.8980925], "zamalek_alerts": [1778744169.8573203, 1778744588.750763, 1778744649.0390334]}