{"last_hash": "eeebdc459b5edf3d3bff855ee606e253", "change_alerts": [1779207313.696485], "zamalek_alerts": [1779246009.8405159, 1779246130.4353237, 1779246371.8967605]}