{"last_hash": "160507726b3bbe59657966b64856b6b5", "change_alerts": [1778764036.9660027], "zamalek_alerts": [1778790971.517974, 1778791092.7379787, 1778791456.2829914]}