{"last_hash": "160507726b3bbe59657966b64856b6b5", "change_alerts": [1778764036.9660027], "zamalek_alerts": [1778855470.4952018, 1778855657.500251, 1778855950.918391]}