{"last_hash": "4b28d08cf57ae79aaf8d031c8c24688e", "change_alerts": [1778529132.1055107], "zamalek_alerts": [1778553069.251385, 1778553489.3118646, 1778553555.7889261]}