{"last_hash": "eeebdc459b5edf3d3bff855ee606e253", "change_alerts": [1779207313.696485], "zamalek_alerts": [1779255310.309599, 1779255549.1050472, 1779255790.200691]}