{"last_hash": "e5dad304fc12b822ee7d3d3c39383185", "change_alerts": [1778619676.1969736], "zamalek_alerts": [1778659931.4057834, 1778660055.6482787, 1778660473.1150904]}