{"last_hash": "686dae7d36c901cf2f6b8b6c82352b83", "change_alerts": [1778587096.5849915], "zamalek_alerts": [1778589148.0473998, 1778589197.0264146, 1778589377.3825135]}