{"last_hash": "414fc712a18e4bc84422bdd77991009b", "change_alerts": [1779138069.7107458], "zamalek_alerts": [1779161889.5920289, 1779162249.6788998, 1779162368.8140206]}