{"last_hash": "160507726b3bbe59657966b64856b6b5", "change_alerts": [1778764036.9660027], "zamalek_alerts": [1778796669.1623363, 1778796731.4490206, 1778796909.5483527]}