{"last_hash": "160507726b3bbe59657966b64856b6b5", "change_alerts": [1778764036.9660027], "zamalek_alerts": [1778848931.2184734, 1778849289.1807158, 1778849469.797253]}