{"last_hash": "ce8561d97dcba956b5fb169ac5387de3", "change_alerts": [1779116294.0960925], "zamalek_alerts": [1779120971.8952136, 1779121220.4041646, 1779121515.170146]}