{"last_hash": "414fc712a18e4bc84422bdd77991009b", "change_alerts": [1779138069.7107458], "zamalek_alerts": [1779193933.131917, 1779194351.2222955, 1779194411.7993891]}