{"last_hash": "eeebdc459b5edf3d3bff855ee606e253", "change_alerts": [1779207313.696485], "zamalek_alerts": [1779248234.9561336, 1779248530.3762999, 1779248709.1469467]}