{"last_hash": "8b52f514fbd6943a2b525940425deba0", "change_alerts": [1779296282.168154], "zamalek_alerts": [1779301510.4650002, 1779301691.1655793, 1779301931.633864]}