{"last_hash": "cd3d283c1910afef400931b7c8b2643c", "change_alerts": [1778878869.4335852], "zamalek_alerts": [1778907670.0017877, 1778907729.7121046, 1778907789.729074]}