{"last_hash": "cd3d283c1910afef400931b7c8b2643c", "change_alerts": [1778706069.8980925], "zamalek_alerts": [1778749755.4516659, 1778749929.4405012, 1778750289.0962396]}