{"last_hash": "414fc712a18e4bc84422bdd77991009b", "change_alerts": [1779138069.7107458], "zamalek_alerts": [1779141790.007468, 1779142209.9915962, 1779142389.8085809]}