{"last_hash": "0bbb663d12daf45b3218e88e071865f3", "change_alerts": [1778680690.9927504], "zamalek_alerts": [1778681360.0117517, 1778681479.1459706, 1778681903.0486474]}