{"last_hash": "160507726b3bbe59657966b64856b6b5", "change_alerts": [1778764036.9660027], "zamalek_alerts": [1778845630.0658317, 1778845748.516535, 1778845995.2547703]}