{"last_hash": "3c278a109c702c71c2dfdf634a68d16f", "change_alerts": [1778597838.529936], "zamalek_alerts": [1778600891.8071024, 1778601376.771674, 1778601430.5860963]}