{"last_hash": "4b28d08cf57ae79aaf8d031c8c24688e", "change_alerts": [1778529132.1055107], "zamalek_alerts": [1778549054.4767182, 1778549235.7476084, 1778549650.6874478]}