{"last_hash": "8f0b551d2fdf7d8df0c303f311657973", "change_alerts": [1778935510.2033863], "zamalek_alerts": [1778935630.773477, 1778936048.4752638, 1778936170.4801428]}