{"last_hash": "bdb33329bd8263fccef8f0d5c1275b9b", "change_alerts": [1779051670.6056542], "zamalek_alerts": [1779083049.6880271, 1779083168.8124216, 1779083350.0732017]}