{"last_hash": "eeebdc459b5edf3d3bff855ee606e253", "change_alerts": [1779207313.696485], "zamalek_alerts": [1779231668.9765995, 1779231729.493223, 1779232031.1892357]}