{"last_hash": "414fc712a18e4bc84422bdd77991009b", "change_alerts": [1779138069.7107458], "zamalek_alerts": [1779189853.9695961, 1779190030.6851292, 1779190151.4516478]}