{"last_hash": "cd3d283c1910afef400931b7c8b2643c", "change_alerts": [1778878869.4335852], "zamalek_alerts": [1778911028.6760879, 1778911088.0296779, 1778911508.6352568]}