{"last_hash": "eeebdc459b5edf3d3bff855ee606e253", "change_alerts": [1779207313.696485], "zamalek_alerts": [1779259572.4480941, 1779259751.559679, 1779260052.2465885]}