{"last_hash": "ce8561d97dcba956b5fb169ac5387de3", "change_alerts": [1779116294.0960925], "zamalek_alerts": [1779122838.5888119, 1779122895.1205084, 1779123134.9341621]}