{"last_hash": "414fc712a18e4bc84422bdd77991009b", "change_alerts": [1779138069.7107458], "zamalek_alerts": [1779173950.9379826, 1779174069.6362314, 1779174431.463113]}