{"last_hash": "cd3d283c1910afef400931b7c8b2643c", "change_alerts": [1778878869.4335852], "zamalek_alerts": [1778884388.2798898, 1778884449.4976, 1778884569.6639767]}