{"last_hash": "160507726b3bbe59657966b64856b6b5", "change_alerts": [1778764036.9660027], "zamalek_alerts": [1778787264.8453667, 1778787682.9769661, 1778787738.5505264]}