{"last_hash": "ce8561d97dcba956b5fb169ac5387de3", "change_alerts": [1779116294.0960925], "zamalek_alerts": [1779122479.7669077, 1779122838.5888119]}