{"last_hash": "e5dad304fc12b822ee7d3d3c39383185", "change_alerts": [1778619676.1969736], "zamalek_alerts": [1778637130.830513, 1778637370.5322177, 1778637669.6297097]}