{"last_hash": "414fc712a18e4bc84422bdd77991009b", "change_alerts": [1779138069.7107458], "zamalek_alerts": [1779176409.413753, 1779176530.1810782, 1779176649.9595087]}