{"last_hash": "73821e7f67b267a87904e38e09d8c77c", "change_alerts": [1778684240.65375], "zamalek_alerts": [1778684539.7432697, 1778684602.6661217, 1778685081.2138033]}