{"last_hash": "e5dad304fc12b822ee7d3d3c39383185", "change_alerts": [1778619676.1969736], "zamalek_alerts": [1778670372.786609, 1778670437.5694747, 1778670676.6344986]}