{"last_hash": "8b52f514fbd6943a2b525940425deba0", "change_alerts": [1779296282.168154], "zamalek_alerts": [1779304752.692036, 1779304931.3755207, 1779305112.6679053]}