{"last_hash": "d809e5126780f3056f39e432d605d07a", "change_alerts": [1778691492.1375518], "zamalek_alerts": [1778704990.9545302, 1778705236.1147616, 1778705589.9174592]}