{"last_hash": "cd3d283c1910afef400931b7c8b2643c", "change_alerts": [1778878869.4335852], "zamalek_alerts": [1778914208.9867363, 1778914269.616841, 1778914749.7207224]}