{"last_hash": "e5dad304fc12b822ee7d3d3c39383185", "change_alerts": [1778619676.1969736], "zamalek_alerts": [1778623210.7893932, 1778623629.643133, 1778623689.4038274]}