{"last_hash": "e5dad304fc12b822ee7d3d3c39383185", "change_alerts": [1778619676.1969736], "zamalek_alerts": [1778642409.3707001, 1778642828.313297, 1778643009.2409484]}