{"last_hash": "160507726b3bbe59657966b64856b6b5", "change_alerts": [1778764036.9660027], "zamalek_alerts": [1778797930.275942, 1778797989.8796628, 1778798236.0438845]}