{"last_hash": "414fc712a18e4bc84422bdd77991009b", "change_alerts": [1779138069.7107458], "zamalek_alerts": [1779153910.0429945, 1779154148.5668187, 1779154507.938861]}