{"last_hash": "cd3d283c1910afef400931b7c8b2643c", "change_alerts": [1778878869.4335852], "zamalek_alerts": [1778887569.6800501, 1778887629.184651, 1778887749.1695514]}