{"last_hash": "160507726b3bbe59657966b64856b6b5", "change_alerts": [1778764036.9660027], "zamalek_alerts": [1778775138.5576308, 1778775490.0403607, 1778775559.2494643]}