{"last_hash": "414fc712a18e4bc84422bdd77991009b", "change_alerts": [1779138069.7107458], "zamalek_alerts": [1779200054.4346755, 1779200176.0778663, 1779200472.7581685]}