{"last_hash": "eeebdc459b5edf3d3bff855ee606e253", "change_alerts": [1779207313.696485], "zamalek_alerts": [1779221471.0798044, 1779221711.0459068, 1779221891.956083]}