{"last_hash": "414fc712a18e4bc84422bdd77991009b", "change_alerts": [1779138069.7107458], "zamalek_alerts": [1779198913.4055326, 1779199212.1867383, 1779199394.02925]}