{"last_hash": "0587e7417fb5539c759039ec1e9528c0", "change_alerts": [1778857089.4232304], "zamalek_alerts": [1778859189.234692, 1778859251.3589885, 1778859490.0033185]}