{"last_hash": "160507726b3bbe59657966b64856b6b5", "change_alerts": [1778764036.9660027], "zamalek_alerts": [1778806930.1301677, 1778807108.4227505, 1778807231.5460134]}