{"last_hash": "cd3d283c1910afef400931b7c8b2643c", "change_alerts": [1778878869.4335852], "zamalek_alerts": [1778897289.8347049, 1778897347.8061812, 1778897407.9253094]}