{"last_hash": "eeebdc459b5edf3d3bff855ee606e253", "change_alerts": [1779207313.696485], "zamalek_alerts": [1779258311.372848, 1779258491.2924066, 1779258789.7432222]}