{"last_hash": "414fc712a18e4bc84422bdd77991009b", "change_alerts": [1779138069.7107458], "zamalek_alerts": [1779165129.2419853, 1779165488.4455693, 1779165549.1805744]}