{"last_hash": "bdb33329bd8263fccef8f0d5c1275b9b", "change_alerts": [1779051670.6056542], "zamalek_alerts": [1779057488.2526574, 1779057969.5975535, 1779058028.7704835]}