{"last_hash": "8b52f514fbd6943a2b525940425deba0", "change_alerts": [1779296282.168154], "zamalek_alerts": [1779307635.3699121, 1779307992.5560367, 1779308109.3066063]}