{"last_hash": "bdb33329bd8263fccef8f0d5c1275b9b", "change_alerts": [1779051670.6056542], "zamalek_alerts": [1779104709.3542085, 1779104950.8376296, 1779105010.5809252]}