{"last_hash": "7a7bc9fe4c443d8f754c201100c50357", "change_alerts": [1778864289.1329484], "zamalek_alerts": [1778866510.0264628, 1778866930.3556771, 1778867109.985391]}