{"last_hash": "414fc712a18e4bc84422bdd77991009b", "change_alerts": [1779138069.7107458], "zamalek_alerts": [1779149949.4925916, 1779150068.8622067, 1779150308.1232035]}