{"last_hash": "414fc712a18e4bc84422bdd77991009b", "change_alerts": [1779138069.7107458], "zamalek_alerts": [1779203352.8796277, 1779203714.9024284, 1779203834.215156]}