{"last_hash": "eeebdc459b5edf3d3bff855ee606e253", "change_alerts": [1779207313.696485], "zamalek_alerts": [1779249789.6697702, 1779249970.2338011, 1779250151.7918015]}