{"last_hash": "2a4efa092bd22dd808ac0f527a7df1bb", "change_alerts": [1778605095.8961227], "zamalek_alerts": [1778612289.4933872, 1778612416.8952007, 1778612719.940265]}