{"last_hash": "160507726b3bbe59657966b64856b6b5", "change_alerts": [1778764036.9660027], "zamalek_alerts": [1778786656.6930964, 1778787073.482306, 1778787134.916835]}