{"last_hash": "d809e5126780f3056f39e432d605d07a", "change_alerts": [1778691492.1375518], "zamalek_alerts": [1778692227.15326, 1778692585.8588245, 1778692823.0283046]}