{"last_hash": "6d0d44610f3e14fb1c684810036c17e5", "change_alerts": [1780928033.6965926], "zamalek_alerts": [1779310214.8876493, 1779310509.989222, 1779310630.4401844]}