{"last_hash": "7a7bc9fe4c443d8f754c201100c50357", "change_alerts": [1778864289.1329484], "zamalek_alerts": [1778875270.2003648, 1778875329.4792895, 1778875510.6376019]}