{"last_hash": "cd3d283c1910afef400931b7c8b2643c", "change_alerts": [1778706069.8980925], "zamalek_alerts": [1778706309.8932588, 1778706491.358981, 1778706910.1058416]}