{"last_hash": "6a7abcfe24348fecaad358fe6125ada3", "change_alerts": [1779310870.3245804], "zamalek_alerts": [1779310214.8876493, 1779310509.989222, 1779310630.4401844]}