{"last_hash": "160507726b3bbe59657966b64856b6b5", "change_alerts": [1778764036.9660027], "zamalek_alerts": [1778777057.1066928, 1778777416.336353, 1778777477.8347628]}