{"last_hash": "7a7bc9fe4c443d8f754c201100c50357", "change_alerts": [1778864289.1329484], "zamalek_alerts": [1778865190.8455315, 1778865670.3092103, 1778865791.1294944]}