{"last_hash": "ed3dd8d0091cf1017e4e3bcbea43a294", "change_alerts": [1778965207.4089284], "zamalek_alerts": [1778964728.3663683, 1778964908.775344, 1778965148.4410048]}