{"last_hash": "160507726b3bbe59657966b64856b6b5", "change_alerts": [1778764036.9660027], "zamalek_alerts": [1778764877.6772654, 1778765291.8265817, 1778765356.1615357]}