{"last_hash": "cd3d283c1910afef400931b7c8b2643c", "change_alerts": [1778706069.8980925], "zamalek_alerts": [1778719334.6835546, 1778719748.7128246, 1778719809.4787185]}