{"last_hash": "cd3d283c1910afef400931b7c8b2643c", "change_alerts": [1778878869.4335852], "zamalek_alerts": [1778888947.903503, 1778889069.4730089, 1778889489.658402]}