{"last_hash": "eeebdc459b5edf3d3bff855ee606e253", "change_alerts": [1779207313.696485], "zamalek_alerts": [1779222731.2471902, 1779223033.481444, 1779223211.6727448]}