{"last_hash": "eeebdc459b5edf3d3bff855ee606e253", "change_alerts": [1779207313.696485], "zamalek_alerts": [1779210370.719648, 1779210731.6573806, 1779210911.0856688]}