{"last_hash": "160507726b3bbe59657966b64856b6b5", "change_alerts": [1778764036.9660027], "zamalek_alerts": [1778813408.8982074, 1778813529.4461606, 1778813648.4485795]}