{"last_hash": "cd3d283c1910afef400931b7c8b2643c", "change_alerts": [1778706069.8980925], "zamalek_alerts": [1778763428.6251943, 1778763557.3777223, 1778763974.2001495]}