{"last_hash": "ec2410e3a0550a47ec3cf487f0337c42", "change_alerts": [1778947090.3742], "zamalek_alerts": [1778951109.3513622, 1778951529.8401918, 1778951588.9111145]}