{"last_hash": "29e48f96202c0e71dba54072292f5e29", "change_alerts": [1778954288.3403544], "zamalek_alerts": [1778958248.231052, 1778958550.7573092, 1778958728.4442723]}