{"last_hash": "cd3d283c1910afef400931b7c8b2643c", "change_alerts": [1778878869.4335852], "zamalek_alerts": [1778921107.6398203, 1778921288.5920353, 1778921407.9241543]}