{"last_hash": "e5dad304fc12b822ee7d3d3c39383185", "change_alerts": [1778619676.1969736], "zamalek_alerts": [1778640494.9325292, 1778640908.4652116, 1778641034.779039]}