{"last_hash": "160507726b3bbe59657966b64856b6b5", "change_alerts": [1778764036.9660027], "zamalek_alerts": [1778814309.5867674, 1778814728.9286072, 1778814788.5983121]}