{"last_hash": "414fc712a18e4bc84422bdd77991009b", "change_alerts": [1779138069.7107458], "zamalek_alerts": [1779144429.084971, 1779144788.32648, 1779144970.8460646]}