{"last_hash": "7a7bc9fe4c443d8f754c201100c50357", "change_alerts": [1778864289.1329484], "zamalek_alerts": [1778872868.7499537, 1778872989.2599826, 1778873350.233171]}