{"last_hash": "160507726b3bbe59657966b64856b6b5", "change_alerts": [1778764036.9660027], "zamalek_alerts": [1778847550.2465088, 1778847670.8197627, 1778847969.6960905]}