{"last_hash": "09a45bc277757498a3c5adef5bcfd46b", "change_alerts": [1779123497.5290146], "zamalek_alerts": [1779128188.1061504, 1779128651.4470732, 1779128725.4338758]}