{"last_hash": "cd3d283c1910afef400931b7c8b2643c", "change_alerts": [1778706069.8980925], "zamalek_alerts": [1778714590.9181995, 1778714649.927637, 1778714835.1922472]}