{"last_hash": "bdb33329bd8263fccef8f0d5c1275b9b", "change_alerts": [1779051670.6056542], "zamalek_alerts": [1779096850.0120533, 1779097210.7049553, 1779097390.2676134]}