{"last_hash": "3c278a109c702c71c2dfdf634a68d16f", "change_alerts": [1778597838.529936], "zamalek_alerts": [1778597717.4509888, 1778598071.8721414, 1778598259.1793752]}