{"last_hash": "4b28d08cf57ae79aaf8d031c8c24688e", "change_alerts": [1778529132.1055107], "zamalek_alerts": [1778575096.0946817, 1778575157.9502454, 1778575277.0893135]}