{"last_hash": "160507726b3bbe59657966b64856b6b5", "change_alerts": [1778764036.9660027], "zamalek_alerts": [1778826614.8016975, 1778826908.9338188, 1778827209.2435875]}