{"last_hash": "d809e5126780f3056f39e432d605d07a", "change_alerts": [1778691492.1375518], "zamalek_alerts": [1778693471.2994134, 1778693548.1483395, 1778693838.7314854]}