{"last_hash": "cd3d283c1910afef400931b7c8b2643c", "change_alerts": [1778878869.4335852], "zamalek_alerts": [1778918769.4944465, 1778919189.7806184, 1778919368.4496489]}