{"last_hash": "bdb33329bd8263fccef8f0d5c1275b9b", "change_alerts": [1779051670.6056542], "zamalek_alerts": [1779091690.2602348, 1779092053.1800766, 1779092289.7775571]}