{"last_hash": "2a4efa092bd22dd808ac0f527a7df1bb", "change_alerts": [1778605095.8961227], "zamalek_alerts": [1778616610.146031, 1778616703.5355442, 1778616798.7077916]}