{"last_hash": "cd3d283c1910afef400931b7c8b2643c", "change_alerts": [1778706069.8980925], "zamalek_alerts": [1778749151.4222183, 1778749270.3885572, 1778749636.0430508]}