{"last_hash": "160507726b3bbe59657966b64856b6b5", "change_alerts": [1778764036.9660027], "zamalek_alerts": [1778844971.3923488, 1778845091.15639, 1778845388.9842138]}