{"last_hash": "ec2410e3a0550a47ec3cf487f0337c42", "change_alerts": [1778947090.3742], "zamalek_alerts": [1778953451.043191, 1778953571.0323687, 1778953688.0285928]}