{"last_hash": "4b28d08cf57ae79aaf8d031c8c24688e", "change_alerts": [1778529132.1055107], "zamalek_alerts": [1778542869.0574255, 1778543109.5267565, 1778543235.5346816]}