{"last_hash": "8b52f514fbd6943a2b525940425deba0", "change_alerts": [1779296282.168154], "zamalek_alerts": [1779302591.1885204, 1779302772.182623, 1779303011.3747835]}