{"last_hash": "414fc712a18e4bc84422bdd77991009b", "change_alerts": [1779138069.7107458], "zamalek_alerts": [1779146890.0478683, 1779147069.0201817, 1779147370.6387932]}