{"last_hash": "09a45bc277757498a3c5adef5bcfd46b", "change_alerts": [1779123497.5290146], "zamalek_alerts": [1779132070.2264879, 1779132608.9680865, 1779132670.4128366]}