{"last_hash": "414fc712a18e4bc84422bdd77991009b", "change_alerts": [1779138069.7107458], "zamalek_alerts": [1779172569.6090133, 1779172689.700528, 1779172809.0682764]}