{"last_hash": "cd3d283c1910afef400931b7c8b2643c", "change_alerts": [1778878869.4335852], "zamalek_alerts": [1778918049.0567265, 1778918167.931054, 1778918529.4954383]}