{"last_hash": "4b28d08cf57ae79aaf8d031c8c24688e", "change_alerts": [1778529132.1055107], "zamalek_alerts": [1778579536.4982607, 1778579596.7725875, 1778579717.5348938]}