{"last_hash": "ce8561d97dcba956b5fb169ac5387de3", "change_alerts": [1779116294.0960925], "zamalek_alerts": [1779119352.9999716, 1779119592.180473, 1779119652.506745]}