{"last_hash": "4c9f4d32f8678daf604fb54911a8fcb6", "change_alerts": [1779397270.2530224], "zamalek_alerts": [1779310214.8876493, 1779310509.989222, 1779310630.4401844]}