{"last_hash": "160507726b3bbe59657966b64856b6b5", "change_alerts": [1778764036.9660027], "zamalek_alerts": [1778851575.2914696, 1778851869.443331, 1778852049.91863]}