{"last_hash": "cd3d283c1910afef400931b7c8b2643c", "change_alerts": [1778706069.8980925], "zamalek_alerts": [1778724247.5433087, 1778724308.5453255, 1778724615.1488438]}