{"last_hash": "eeebdc459b5edf3d3bff855ee606e253", "change_alerts": [1779207313.696485], "zamalek_alerts": [1779262330.4032543, 1779262690.592634, 1779262750.5218546]}