{"last_hash": "414fc712a18e4bc84422bdd77991009b", "change_alerts": [1779138069.7107458], "zamalek_alerts": [1779191413.4595942, 1779191829.9852026, 1779191892.2367048]}