{"last_hash": "160507726b3bbe59657966b64856b6b5", "change_alerts": [1778764036.9660027], "zamalek_alerts": [1778764216.3981268, 1778764630.2084322, 1778764645.7614863]}