{"last_hash": "4b28d08cf57ae79aaf8d031c8c24688e", "change_alerts": [1778529132.1055107], "zamalek_alerts": [1778585349.6704245, 1778585415.6385505, 1778585475.3035018]}