{"last_hash": "2a4efa092bd22dd808ac0f527a7df1bb", "change_alerts": [1778605095.8961227], "zamalek_alerts": [1778616070.8945022, 1778616136.0836997, 1778616610.146031]}