{"last_hash": "cd3d283c1910afef400931b7c8b2643c", "change_alerts": [1778878869.4335852], "zamalek_alerts": [1778899988.5835404, 1778900048.1084964, 1778900529.4226604]}