{"last_hash": "eeebdc459b5edf3d3bff855ee606e253", "change_alerts": [1779207313.696485], "zamalek_alerts": [1779222129.643423, 1779222371.057373, 1779222549.8889863]}