{"last_hash": "414fc712a18e4bc84422bdd77991009b", "change_alerts": [1779138069.7107458], "zamalek_alerts": [1779190151.4516478, 1779190511.5412626, 1779190632.4922898]}