{"last_hash": "bdb33329bd8263fccef8f0d5c1275b9b", "change_alerts": [1779051670.6056542], "zamalek_alerts": [1779066009.428794, 1779066430.2436445, 1779066490.3907595]}