{"last_hash": "e5dad304fc12b822ee7d3d3c39383185", "change_alerts": [1778619676.1969736], "zamalek_alerts": [1778650207.9973674, 1778650448.6510491, 1778650807.987937]}