{"last_hash": "160507726b3bbe59657966b64856b6b5", "change_alerts": [1778764036.9660027], "zamalek_alerts": [1778831230.0406508, 1778831289.8125858, 1778831468.2616334]}