{"last_hash": "414fc712a18e4bc84422bdd77991009b", "change_alerts": [1779138069.7107458], "zamalek_alerts": [1779192493.5231073, 1779192671.784621, 1779193092.6326287]}