{"last_hash": "160507726b3bbe59657966b64856b6b5", "change_alerts": [1778764036.9660027], "zamalek_alerts": [1778765950.7372434, 1778766012.0722785, 1778766137.6765594]}