{"last_hash": "414fc712a18e4bc84422bdd77991009b", "change_alerts": [1779138069.7107458], "zamalek_alerts": [1779149348.607161, 1779149410.1261458, 1779149651.0768216]}