{"last_hash": "160507726b3bbe59657966b64856b6b5", "change_alerts": [1778764036.9660027], "zamalek_alerts": [1778818808.5075555, 1778819175.3890438, 1778819289.8999043]}