{"last_hash": "ce8561d97dcba956b5fb169ac5387de3", "change_alerts": [1779116294.0960925], "zamalek_alerts": [1779121579.6290731, 1779121875.037171, 1779122176.5497005]}