{"last_hash": "160507726b3bbe59657966b64856b6b5", "change_alerts": [1778764036.9660027], "zamalek_alerts": [1778767937.6936324, 1778768110.8638587, 1778768477.170874]}