{"last_hash": "73821e7f67b267a87904e38e09d8c77c", "change_alerts": [1778684240.65375], "zamalek_alerts": [1778688322.552756, 1778688432.2198117, 1778688856.1603396]}