{"last_hash": "e5dad304fc12b822ee7d3d3c39383185", "change_alerts": [1778619676.1969736], "zamalek_alerts": [1778621896.1777592, 1778622309.7120473, 1778622375.8005538]}