{"last_hash": "e5dad304fc12b822ee7d3d3c39383185", "change_alerts": [1778619676.1969736], "zamalek_alerts": [1778619129.2899687, 1778619195.7101007, 1778619316.4157681]}