{"last_hash": "e5dad304fc12b822ee7d3d3c39383185", "change_alerts": [1778619676.1969736], "zamalek_alerts": [1778635268.2310677, 1778635454.7142093, 1778635696.100383]}