{"last_hash": "bdb33329bd8263fccef8f0d5c1275b9b", "change_alerts": [1779051670.6056542], "zamalek_alerts": [1779061328.7487476, 1779061388.3546789, 1779061870.064884]}