{"last_hash": "e5dad304fc12b822ee7d3d3c39383185", "change_alerts": [1778619676.1969736], "zamalek_alerts": [1778657230.2780514, 1778657411.2950337, 1778657469.456709]}