{"last_hash": "cd3d283c1910afef400931b7c8b2643c", "change_alerts": [1778706069.8980925], "zamalek_alerts": [1778754672.1989398, 1778755029.1553185, 1778755097.1145413]}