{"last_hash": "cd3d283c1910afef400931b7c8b2643c", "change_alerts": [1778878869.4335852], "zamalek_alerts": [1778921947.5132139, 1778922128.3254812, 1778922369.9538276]}