{"last_hash": "bdb33329bd8263fccef8f0d5c1275b9b", "change_alerts": [1779051670.6056542], "zamalek_alerts": [1779054729.349605, 1779054789.4844866, 1779054850.3738391]}