{"last_hash": "2a4efa092bd22dd808ac0f527a7df1bb", "change_alerts": [1778605095.8961227], "zamalek_alerts": [1778604732.2953258, 1778605210.8634772, 1778605331.23517]}