{"last_hash": "29e48f96202c0e71dba54072292f5e29", "change_alerts": [1778954288.3403544], "zamalek_alerts": [1778960048.3274455, 1778960227.8630953, 1778960470.0894208]}