{"last_hash": "e5dad304fc12b822ee7d3d3c39383185", "change_alerts": [1778619676.1969736], "zamalek_alerts": [1778656090.5478947, 1778656150.6049516, 1778656579.0241013]}