{"last_hash": "160507726b3bbe59657966b64856b6b5", "change_alerts": [1778764036.9660027], "zamalek_alerts": [1778828111.6923976, 1778828472.2000458, 1778828529.1257086]}