{"last_hash": "cd3d283c1910afef400931b7c8b2643c", "change_alerts": [1778706069.8980925], "zamalek_alerts": [1778742076.4270964, 1778742250.2771454, 1778742669.6740804]}