{"last_hash": "cd3d283c1910afef400931b7c8b2643c", "change_alerts": [1778706069.8980925], "zamalek_alerts": [1778733249.982178, 1778733609.1530547, 1778733789.6806877]}