{"last_hash": "414fc712a18e4bc84422bdd77991009b", "change_alerts": [1779138069.7107458], "zamalek_alerts": [1779157749.9128985, 1779158048.7714689, 1779158348.5286994]}