{"last_hash": "e5dad304fc12b822ee7d3d3c39383185", "change_alerts": [1778619676.1969736], "zamalek_alerts": [1778620571.400171, 1778620995.8284142, 1778621115.0688157]}