{"last_hash": "e5dad304fc12b822ee7d3d3c39383185", "change_alerts": [1778619676.1969736], "zamalek_alerts": [1778653030.3580558, 1778653329.4411545, 1778653508.8241587]}