{"last_hash": "ce8561d97dcba956b5fb169ac5387de3", "change_alerts": [1779116294.0960925], "zamalek_alerts": [1779116051.8731697, 1779116412.1765501, 1779116473.6742716]}