{"last_hash": "8b52f514fbd6943a2b525940425deba0", "change_alerts": [1779296282.168154], "zamalek_alerts": [1779303011.3747835, 1779303252.3672585, 1779303432.4098153]}