{"last_hash": "eeebdc459b5edf3d3bff855ee606e253", "change_alerts": [1779207313.696485], "zamalek_alerts": [1779243850.258312, 1779244028.5793018, 1779244209.8822446]}