{"last_hash": "cd3d283c1910afef400931b7c8b2643c", "change_alerts": [1778878869.4335852], "zamalek_alerts": [1778920448.6624963, 1778920688.031526, 1778920748.1149645]}