{"last_hash": "07aa9a79b4b0c25d08240312482f025e", "change_alerts": [1779289092.580766], "zamalek_alerts": [1779294729.4977179, 1779294915.0117996, 1779295094.8460867]}