{"last_hash": "cd3d283c1910afef400931b7c8b2643c", "change_alerts": [1778706069.8980925], "zamalek_alerts": [1778709076.9750192, 1778709375.3246646, 1778709549.3036988]}