{"last_hash": "686dae7d36c901cf2f6b8b6c82352b83", "change_alerts": [1778587096.5849915], "zamalek_alerts": [1778591171.2333972, 1778591357.752014, 1778591770.5198169]}