{"last_hash": "cd3d283c1910afef400931b7c8b2643c", "change_alerts": [1778878869.4335852], "zamalek_alerts": [1778926929.4493127, 1778927109.1059642, 1778927287.896254]}