{"last_hash": "0ddb61df991069340fc53aec1a077937", "change_alerts": [1779728288.9042978], "zamalek_alerts": [1779310214.8876493, 1779310509.989222, 1779310630.4401844]}