{"last_hash": "cd3d283c1910afef400931b7c8b2643c", "change_alerts": [1778878869.4335852], "zamalek_alerts": [1778925308.6344059, 1778925608.4765358, 1778925850.8380558]}