{"last_hash": "160507726b3bbe59657966b64856b6b5", "change_alerts": [1778764036.9660027], "zamalek_alerts": [1778825955.280271, 1778826249.300481, 1778826554.392989]}