{"last_hash": "414fc712a18e4bc84422bdd77991009b", "change_alerts": [1779138069.7107458], "zamalek_alerts": [1779186671.8071554, 1779186791.7993705, 1779186851.0314584]}