{"last_hash": "ec2410e3a0550a47ec3cf487f0337c42", "change_alerts": [1778947090.3742], "zamalek_alerts": [1778948469.6263437, 1778948948.3476725, 1778949010.0801775]}