{"last_hash": "29e48f96202c0e71dba54072292f5e29", "change_alerts": [1778954288.3403544], "zamalek_alerts": [1778954768.186364, 1778954888.8984692, 1778954948.0808122]}