{"last_hash": "cd3d283c1910afef400931b7c8b2643c", "change_alerts": [1778878869.4335852], "zamalek_alerts": [1778914868.9600592, 1778914928.8523643, 1778915408.0413616]}