{"last_hash": "cd3d283c1910afef400931b7c8b2643c", "change_alerts": [1778878869.4335852], "zamalek_alerts": [1778886908.4469783, 1778886970.3699915, 1778887090.958105]}