{"last_hash": "eeebdc459b5edf3d3bff855ee606e253", "change_alerts": [1779207313.696485], "zamalek_alerts": [1779282673.9109797, 1779282973.8045163, 1779283213.7868795]}