{"last_hash": "160507726b3bbe59657966b64856b6b5", "change_alerts": [1778764036.9660027], "zamalek_alerts": [1778778754.1095092, 1778778792.1199596, 1778778970.7258325]}