{"last_hash": "cd3d283c1910afef400931b7c8b2643c", "change_alerts": [1778878869.4335852], "zamalek_alerts": [1778881329.0948951, 1778881748.899908, 1778881808.9370472]}