{"last_hash": "cd3d283c1910afef400931b7c8b2643c", "change_alerts": [1778706069.8980925], "zamalek_alerts": [1778719748.7128246, 1778719809.4787185, 1778719989.0677073]}