{"last_hash": "e5dad304fc12b822ee7d3d3c39383185", "change_alerts": [1778619676.1969736], "zamalek_alerts": [1778619316.4157681, 1778619736.3296535, 1778619849.3635445]}