{"last_hash": "cd3d283c1910afef400931b7c8b2643c", "change_alerts": [1778878869.4335852], "zamalek_alerts": [1778921407.9241543, 1778921708.5309806, 1778921947.5132139]}