{"last_hash": "eeebdc459b5edf3d3bff855ee606e253", "change_alerts": [1779207313.696485], "zamalek_alerts": [1779247629.541557, 1779247928.3218596, 1779248049.4354105]}