{"last_hash": "cd3d283c1910afef400931b7c8b2643c", "change_alerts": [1778878869.4335852], "zamalek_alerts": [1778927287.896254, 1778927588.5061297, 1778927769.7250662]}