{"last_hash": "09a45bc277757498a3c5adef5bcfd46b", "change_alerts": [1779123497.5290146], "zamalek_alerts": [1779128725.4338758, 1779128794.4385595, 1779129314.515928]}