{"last_hash": "160507726b3bbe59657966b64856b6b5", "change_alerts": [1778764036.9660027], "zamalek_alerts": [1778819289.8999043, 1778819468.2073534, 1778819836.5518994]}