{"last_hash": "4b28d08cf57ae79aaf8d031c8c24688e", "change_alerts": [1778529132.1055107], "zamalek_alerts": [1778543768.6770024, 1778543888.5147357, 1778544136.0840757]}