{"last_hash": "4b28d08cf57ae79aaf8d031c8c24688e", "change_alerts": [1778529132.1055107], "zamalek_alerts": [1778558348.7752473, 1778558590.3100033, 1778558835.033036]}