{"last_hash": "3c278a109c702c71c2dfdf634a68d16f", "change_alerts": [1778597838.529936], "zamalek_alerts": [1778604079.2473931, 1778604555.3367178, 1778604677.8747432]}