{"last_hash": "cd3d283c1910afef400931b7c8b2643c", "change_alerts": [1778878869.4335852], "zamalek_alerts": [1778886249.3282228, 1778886309.6924994, 1778886489.0003264]}