{"last_hash": "414fc712a18e4bc84422bdd77991009b", "change_alerts": [1779138069.7107458], "zamalek_alerts": [1779205694.143171, 1779205753.3592956, 1779205872.8853269]}