{"last_hash": "eeebdc459b5edf3d3bff855ee606e253", "change_alerts": [1779207313.696485], "zamalek_alerts": [1779223870.7593222, 1779224051.051178, 1779224349.5970106]}