{"last_hash": "160507726b3bbe59657966b64856b6b5", "change_alerts": [1778764036.9660027], "zamalek_alerts": [1778843049.4192247, 1778843229.1139958, 1778843470.8799372]}