{"last_hash": "cd3d283c1910afef400931b7c8b2643c", "change_alerts": [1778706069.8980925], "zamalek_alerts": [1778725269.7773814, 1778725508.8983493, 1778725574.3844187]}