{"last_hash": "6b097bb856b067af1f18dcb7eef033d7", "change_alerts": [1779105430.6761575], "zamalek_alerts": [1779107592.6040058, 1779107890.5336597, 1779108130.836342]}