{"last_hash": "8b52f514fbd6943a2b525940425deba0", "change_alerts": [1779296282.168154], "zamalek_alerts": [1779299589.787931, 1779299713.2401495, 1779300009.6018422]}