{"last_hash": "414fc712a18e4bc84422bdd77991009b", "change_alerts": [1779138069.7107458], "zamalek_alerts": [1779157029.3623555, 1779157149.3602402, 1779157389.9292762]}