{"last_hash": "160507726b3bbe59657966b64856b6b5", "change_alerts": [1778764036.9660027], "zamalek_alerts": [1778848629.2608716, 1778848815.2089803, 1778848931.2184734]}