{"last_hash": "eeebdc459b5edf3d3bff855ee606e253", "change_alerts": [1779207313.696485], "zamalek_alerts": [1779261671.3906581, 1779262030.5393567, 1779262149.8827646]}