{"last_hash": "07aa9a79b4b0c25d08240312482f025e", "change_alerts": [1779289092.580766], "zamalek_alerts": [1779291553.684009, 1779291731.0837746, 1779291854.7104938]}