{"last_hash": "414fc712a18e4bc84422bdd77991009b", "change_alerts": [1779138069.7107458], "zamalek_alerts": [1779200655.904549, 1779200832.8763297, 1779201132.9711413]}