{"last_hash": "414fc712a18e4bc84422bdd77991009b", "change_alerts": [1779138069.7107458], "zamalek_alerts": [1779202695.0918355, 1779203053.957193, 1779203233.5310483]}