{"last_hash": "eeebdc459b5edf3d3bff855ee606e253", "change_alerts": [1779207313.696485], "zamalek_alerts": [1779252068.6344256, 1779252308.3831997, 1779252550.2611568]}