{"last_hash": "0587e7417fb5539c759039ec1e9528c0", "change_alerts": [1778857089.4232304], "zamalek_alerts": [1778860749.5632763, 1778861109.4095736, 1778861230.3765712]}