{"last_hash": "e5dad304fc12b822ee7d3d3c39383185", "change_alerts": [1778619676.1969736], "zamalek_alerts": [1778640254.3460317, 1778640429.600597, 1778640494.9325292]}