{"last_hash": "eeebdc459b5edf3d3bff855ee606e253", "change_alerts": [1779207313.696485], "zamalek_alerts": [1779282072.8517303, 1779282314.7226763, 1779282553.0018508]}