{"last_hash": "cd3d283c1910afef400931b7c8b2643c", "change_alerts": [1778706069.8980925], "zamalek_alerts": [1778726834.6437192, 1778726888.7106278, 1778727197.2138448]}