{"last_hash": "160507726b3bbe59657966b64856b6b5", "change_alerts": [1778764036.9660027], "zamalek_alerts": [1778799910.2005982, 1778800186.9601638, 1778800449.7928882]}