{"last_hash": "5a36449e531215fe391f9f64573337d1", "change_alerts": [1779622269.7832012], "zamalek_alerts": [1779310214.8876493, 1779310509.989222, 1779310630.4401844]}