{"last_hash": "414fc712a18e4bc84422bdd77991009b", "change_alerts": [1779138069.7107458], "zamalek_alerts": [1779185472.0772986, 1779185531.2445056, 1779186010.8623862]}