{"last_hash": "eeebdc459b5edf3d3bff855ee606e253", "change_alerts": [1779207313.696485], "zamalek_alerts": [1779235558.213472, 1779235630.8918238, 1779235869.8985107]}