{"last_hash": "414fc712a18e4bc84422bdd77991009b", "change_alerts": [1779138069.7107458], "zamalek_alerts": [1779207010.7649472, 1779207071.1461778, 1779207133.7355726]}