{"last_hash": "cd3d283c1910afef400931b7c8b2643c", "change_alerts": [1778706069.8980925], "zamalek_alerts": [1778720349.6152806, 1778720475.6628172, 1778720654.9188387]}