{"last_hash": "bdb33329bd8263fccef8f0d5c1275b9b", "change_alerts": [1779051670.6056542], "zamalek_alerts": [1779060009.4429324, 1779060068.3617978, 1779060609.029864]}