{"last_hash": "eeebdc459b5edf3d3bff855ee606e253", "change_alerts": [1779207313.696485], "zamalek_alerts": [1779250450.660512, 1779250628.5218008, 1779250808.480369]}