{"last_hash": "eeebdc459b5edf3d3bff855ee606e253", "change_alerts": [1779207313.696485], "zamalek_alerts": [1779264852.4889212, 1779265273.321177, 1779265332.4581907]}