{"last_hash": "cd3d283c1910afef400931b7c8b2643c", "change_alerts": [1778706069.8980925], "zamalek_alerts": [1778738108.0313005, 1778738228.962903, 1778738348.8947227]}