{"last_hash": "d809e5126780f3056f39e432d605d07a", "change_alerts": [1778691492.1375518], "zamalek_alerts": [1778690892.2645369, 1778690957.8406246, 1778691323.5478065]}