{"last_hash": "cd3d283c1910afef400931b7c8b2643c", "change_alerts": [1778706069.8980925], "zamalek_alerts": [1778748369.3665745, 1778748490.3640196, 1778748609.57737]}