{"last_hash": "ce8561d97dcba956b5fb169ac5387de3", "change_alerts": [1779116294.0960925], "zamalek_alerts": [1779120253.517969, 1779120311.581164, 1779120617.0960708]}