{"last_hash": "eeebdc459b5edf3d3bff855ee606e253", "change_alerts": [1779207313.696485], "zamalek_alerts": [1779232988.7533233, 1779233049.513734, 1779233349.5342782]}