{"last_hash": "414fc712a18e4bc84422bdd77991009b", "change_alerts": [1779138069.7107458], "zamalek_alerts": [1779172809.0682764, 1779173229.6606255, 1779173349.2147737]}