{"last_hash": "e5dad304fc12b822ee7d3d3c39383185", "change_alerts": [1778619676.1969736], "zamalek_alerts": [1778665690.0098844, 1778665757.7089155]}