{"last_hash": "cd3d283c1910afef400931b7c8b2643c", "change_alerts": [1778706069.8980925], "zamalek_alerts": [1778708236.4720263, 1778708468.5488298, 1778708768.55383]}