{"last_hash": "29e48f96202c0e71dba54072292f5e29", "change_alerts": [1778954288.3403544], "zamalek_alerts": [1778964307.9100566, 1778964489.5152152, 1778964728.3663683]}