{"last_hash": "4b28d08cf57ae79aaf8d031c8c24688e", "change_alerts": [1778529132.1055107], "zamalek_alerts": [1778544784.75876, 1778545030.9433603, 1778545090.1061819]}