{"last_hash": "29e48f96202c0e71dba54072292f5e29", "change_alerts": [1778954288.3403544], "zamalek_alerts": [1778963228.393679, 1778963469.9060729, 1778963649.5268636]}