{"last_hash": "cd3d283c1910afef400931b7c8b2643c", "change_alerts": [1778878869.4335852], "zamalek_alerts": [1778908987.5070145, 1778909050.57763, 1778909109.7026644]}