{"last_hash": "cd3d283c1910afef400931b7c8b2643c", "change_alerts": [1778878869.4335852], "zamalek_alerts": [1778929808.0854247, 1778930169.6881163, 1778930407.9643157]}