{"last_hash": "6b097bb856b067af1f18dcb7eef033d7", "change_alerts": [1779105430.6761575], "zamalek_alerts": [1779105911.6479905, 1779106213.342247, 1779106331.4346483]}