{"last_hash": "09a45bc277757498a3c5adef5bcfd46b", "change_alerts": [1779123497.5290146], "zamalek_alerts": [1779133210.1582959, 1779133330.4710128, 1779133391.1817033]}