{"last_hash": "cd3d283c1910afef400931b7c8b2643c", "change_alerts": [1778706069.8980925], "zamalek_alerts": [1778716635.888351, 1778716814.5982504, 1778717175.6010168]}