{"last_hash": "4b28d08cf57ae79aaf8d031c8c24688e", "change_alerts": [1778529132.1055107], "zamalek_alerts": [1778577670.7782207, 1778577731.5430572, 1778577798.342095]}