{"last_hash": "bdb33329bd8263fccef8f0d5c1275b9b", "change_alerts": [1779051670.6056542], "zamalek_alerts": [1779095471.4098196, 1779095529.6506758, 1779095890.706347]}