{"last_hash": "0587e7417fb5539c759039ec1e9528c0", "change_alerts": [1778857089.4232304], "zamalek_alerts": [1778857570.485634, 1778857872.6324935, 1778857989.05934]}