{"last_hash": "89e6927578bb6e93f34688e38014974a", "change_alerts": [1779112693.5909824], "zamalek_alerts": [1779113835.7909076, 1779114073.3431172, 1779114432.9010227]}