{"last_hash": "8f0b551d2fdf7d8df0c303f311657973", "change_alerts": [1778935510.2033863], "zamalek_alerts": [1778938690.8206756, 1778938810.6885686, 1778939228.1299794]}