{"last_hash": "d809e5126780f3056f39e432d605d07a", "change_alerts": [1778691492.1375518], "zamalek_alerts": [1778698329.7909036, 1778698514.4638464, 1778698689.061651]}