{"last_hash": "e5dad304fc12b822ee7d3d3c39383185", "change_alerts": [1778619676.1969736], "zamalek_alerts": [1778660473.1150904, 1778660534.9953575, 1778660711.7891154]}