{"last_hash": "cd3d283c1910afef400931b7c8b2643c", "change_alerts": [1778878869.4335852], "zamalek_alerts": [1778885228.8518314, 1778885648.7095802, 1778885709.1706223]}