{"last_hash": "4b28d08cf57ae79aaf8d031c8c24688e", "change_alerts": [1778529132.1055107], "zamalek_alerts": [1778566696.7775466, 1778566809.0265586, 1778567288.5598292]}