{"last_hash": "bdb33329bd8263fccef8f0d5c1275b9b", "change_alerts": [1779051670.6056542], "zamalek_alerts": [1779068468.531368, 1779068587.4700413, 1779069008.1783931]}