{"last_hash": "1961be5fcc4b1a11d763f5e2adfc828f", "change_alerts": [1779555489.32118], "zamalek_alerts": [1779310214.8876493, 1779310509.989222, 1779310630.4401844]}