{"last_hash": "4b28d08cf57ae79aaf8d031c8c24688e", "change_alerts": [1778529132.1055107], "zamalek_alerts": [1778581637.4445074, 1778582117.3256094, 1778582236.7456033]}