{"last_hash": "29e48f96202c0e71dba54072292f5e29", "change_alerts": [1778954288.3403544], "zamalek_alerts": [1778964728.3663683, 1778964908.775344, 1778965148.4410048]}