{"last_hash": "160507726b3bbe59657966b64856b6b5", "change_alerts": [1778764036.9660027], "zamalek_alerts": [1778804408.1665308, 1778804468.2945752, 1778804649.590102]}