{"last_hash": "7a7bc9fe4c443d8f754c201100c50357", "change_alerts": [1778864289.1329484], "zamalek_alerts": [1778865791.1294944, 1778865849.9043968, 1778866271.200435]}