{"last_hash": "bdb33329bd8263fccef8f0d5c1275b9b", "change_alerts": [1779051670.6056542], "zamalek_alerts": [1779064628.376532, 1779064688.1007137, 1779065168.8512194]}