{"last_hash": "bdb33329bd8263fccef8f0d5c1275b9b", "change_alerts": [1779051670.6056542], "zamalek_alerts": [1779097510.8038898, 1779097871.1003366, 1779098049.276823]}