{"last_hash": "09a45bc277757498a3c5adef5bcfd46b", "change_alerts": [1779123497.5290146], "zamalek_alerts": [1779133931.5391304, 1779134051.5157874, 1779134470.8015292]}