{"last_hash": "eeebdc459b5edf3d3bff855ee606e253", "change_alerts": [1779207313.696485], "zamalek_alerts": [1779225609.1828272, 1779225790.5963736, 1779225971.4391341]}