{"last_hash": "414fc712a18e4bc84422bdd77991009b", "change_alerts": [1779138069.7107458], "zamalek_alerts": [1779176530.1810782, 1779176649.9595087, 1779177012.7472978]}