{"last_hash": "73821e7f67b267a87904e38e09d8c77c", "change_alerts": [1778684240.65375], "zamalek_alerts": [1778683822.3384154, 1778683879.4294486, 1778683997.918023]}