{"last_hash": "eeebdc459b5edf3d3bff855ee606e253", "change_alerts": [1779207313.696485], "zamalek_alerts": [1779281291.89346, 1779281471.6551352, 1779281713.9610565]}