{"last_hash": "2a4efa092bd22dd808ac0f527a7df1bb", "change_alerts": [1778605095.8961227], "zamalek_alerts": [1778607859.2820022, 1778607915.9471512, 1778608396.4108498]}