{"last_hash": "bdb33329bd8263fccef8f0d5c1275b9b", "change_alerts": [1779051670.6056542], "zamalek_alerts": [1779085268.6264727, 1779085628.977519, 1779085749.9497774]}