{"last_hash": "2a4efa092bd22dd808ac0f527a7df1bb", "change_alerts": [1778605095.8961227], "zamalek_alerts": [1778605992.8558962, 1778606531.4362423, 1778606590.9423835]}