{"last_hash": "eeebdc459b5edf3d3bff855ee606e253", "change_alerts": [1779207313.696485], "zamalek_alerts": [1779233950.2097316, 1779234248.4905694, 1779234370.2355208]}