{"last_hash": "414fc712a18e4bc84422bdd77991009b", "change_alerts": [1779138069.7107458], "zamalek_alerts": [1779161588.6771657, 1779161709.324539, 1779161889.5920289]}