{"last_hash": "414fc712a18e4bc84422bdd77991009b", "change_alerts": [1779138069.7107458], "zamalek_alerts": [1779155888.7761526, 1779156071.1238506, 1779156428.7585568]}