{"last_hash": "5388b8111bec71bdc3d6fc1312888fac", "change_alerts": [1780939804.7659092], "zamalek_alerts": [1779310214.8876493, 1779310509.989222, 1779310630.4401844]}