{"last_hash": "4b28d08cf57ae79aaf8d031c8c24688e", "change_alerts": [1778529132.1055107], "zamalek_alerts": [1778575930.5812292, 1778576356.0425005, 1778576418.619468]}