{"last_hash": "160507726b3bbe59657966b64856b6b5", "change_alerts": [1778764036.9660027], "zamalek_alerts": [1778843470.8799372, 1778843650.1674523, 1778843830.2261922]}