{"last_hash": "160507726b3bbe59657966b64856b6b5", "change_alerts": [1778764036.9660027], "zamalek_alerts": [1778839870.1469505, 1778839929.386997, 1778840290.421693]}