{"last_hash": "e5dad304fc12b822ee7d3d3c39383185", "change_alerts": [1778619676.1969736], "zamalek_alerts": [1778648293.94656, 1778648536.5270078, 1778648890.1788452]}