{"last_hash": "02d810283c27ddaf710e8d3b658a0758", "change_alerts": [1779624613.1166244], "zamalek_alerts": [1779310214.8876493, 1779310509.989222, 1779310630.4401844]}