{"last_hash": "eeebdc459b5edf3d3bff855ee606e253", "change_alerts": [1779207313.696485], "zamalek_alerts": [1779275591.9772887, 1779275649.921944, 1779275961.9226704]}