{"last_hash": "cd3d283c1910afef400931b7c8b2643c", "change_alerts": [1778706069.8980925], "zamalek_alerts": [1778721789.9456093, 1778721968.407677, 1778722328.0477529]}