{"last_hash": "0587e7417fb5539c759039ec1e9528c0", "change_alerts": [1778857089.4232304], "zamalek_alerts": [1778862672.2861874, 1778863089.986613, 1778863210.4105034]}