{"last_hash": "bdb33329bd8263fccef8f0d5c1275b9b", "change_alerts": [1779051670.6056542], "zamalek_alerts": [1779052809.5137806, 1779052928.8175113, 1779053409.851851]}