{"last_hash": "29e48f96202c0e71dba54072292f5e29", "change_alerts": [1778954288.3403544], "zamalek_alerts": [1778956269.5560634, 1778956627.370576, 1778956810.2967322]}