{"last_hash": "e5dad304fc12b822ee7d3d3c39383185", "change_alerts": [1778619676.1969736], "zamalek_alerts": [1778625135.9994025, 1778625489.2944605, 1778625608.3170478]}