{"last_hash": "bdb33329bd8263fccef8f0d5c1275b9b", "change_alerts": [1779051670.6056542], "zamalek_alerts": [1779076572.0440485, 1779076808.5695312, 1779076870.6470299]}