{"last_hash": "0587e7417fb5539c759039ec1e9528c0", "change_alerts": [1778857089.4232304], "zamalek_alerts": [1778863210.4105034, 1778863329.8420854, 1778863691.31665]}