{"last_hash": "686dae7d36c901cf2f6b8b6c82352b83", "change_alerts": [1778587096.5849915], "zamalek_alerts": [1778588116.1707168, 1778588475.0807378, 1778588540.0697374]}