{"last_hash": "eeebdc459b5edf3d3bff855ee606e253", "change_alerts": [1779207313.696485], "zamalek_alerts": [1779259150.345088, 1779259449.7720933, 1779259572.4480941]}