{"last_hash": "eeebdc459b5edf3d3bff855ee606e253", "change_alerts": [1779207313.696485], "zamalek_alerts": [1779266170.4957206, 1779266591.258181, 1779266648.9376192]}