{"last_hash": "bdb33329bd8263fccef8f0d5c1275b9b", "change_alerts": [1779051670.6056542], "zamalek_alerts": [1779096552.1893222, 1779096789.644674, 1779096850.0120533]}