{"last_hash": "160507726b3bbe59657966b64856b6b5", "change_alerts": [1778764036.9660027], "zamalek_alerts": [1778812869.558645, 1778812990.600868, 1778813408.8982074]}