{"last_hash": "eeebdc459b5edf3d3bff855ee606e253", "change_alerts": [1779207313.696485], "zamalek_alerts": [1779246371.8967605, 1779246670.331029, 1779246789.0133069]}