{"last_hash": "160507726b3bbe59657966b64856b6b5", "change_alerts": [1778764036.9660027], "zamalek_alerts": [1778790196.1728878, 1778790310.9429462, 1778790429.6058598]}