{"last_hash": "4b28d08cf57ae79aaf8d031c8c24688e", "change_alerts": [1778529132.1055107], "zamalek_alerts": [1778575749.992337, 1778575809.6312587, 1778575930.5812292]}