{"last_hash": "cd3d283c1910afef400931b7c8b2643c", "change_alerts": [1778706069.8980925], "zamalek_alerts": [1778736847.6751215, 1778736914.465914, 1778737088.9035761]}