{"last_hash": "eeebdc459b5edf3d3bff855ee606e253", "change_alerts": [1779207313.696485], "zamalek_alerts": [1779286157.3490243, 1779286457.0411947, 1779286519.3664038]}