{"last_hash": "160507726b3bbe59657966b64856b6b5", "change_alerts": [1778764036.9660027], "zamalek_alerts": [1778791751.1932597, 1778792114.983825, 1778792289.582295]}