{"last_hash": "cd3d283c1910afef400931b7c8b2643c", "change_alerts": [1778878869.4335852], "zamalek_alerts": [1778899210.8453777, 1778899329.8386295, 1778899389.3861544]}