{"last_hash": "e5dad304fc12b822ee7d3d3c39383185", "change_alerts": [1778619676.1969736], "zamalek_alerts": [1778669057.1499176, 1778669118.01822, 1778669410.9311733]}