{"last_hash": "eeebdc459b5edf3d3bff855ee606e253", "change_alerts": [1779207313.696485], "zamalek_alerts": [1779257890.008648, 1779258131.8571477, 1779258311.372848]}