{"last_hash": "d809e5126780f3056f39e432d605d07a", "change_alerts": [1778691492.1375518], "zamalek_alerts": [1778691553.512004, 1778691612.9642742, 1778691977.5569766]}