{"last_hash": "eeebdc459b5edf3d3bff855ee606e253", "change_alerts": [1779207313.696485], "zamalek_alerts": [1779268153.5161874, 1779268510.1144445, 1779268571.477641]}