{"last_hash": "6b097bb856b067af1f18dcb7eef033d7", "change_alerts": [1779105430.6761575], "zamalek_alerts": [1779106571.1220486, 1779106870.7055457, 1779106989.6001678]}