{"last_hash": "4b28d08cf57ae79aaf8d031c8c24688e", "change_alerts": [1778529132.1055107], "zamalek_alerts": [1778538370.4491823, 1778538615.0785072, 1778538789.0366478]}