{"last_hash": "8b52f514fbd6943a2b525940425deba0", "change_alerts": [1779296282.168154], "zamalek_alerts": [1779298294.4471118, 1779298510.2529569, 1779298750.7033904]}