{"last_hash": "bdb33329bd8263fccef8f0d5c1275b9b", "change_alerts": [1779051670.6056542], "zamalek_alerts": [1779086409.1241744, 1779086529.7632527, 1779086950.553776]}