{"last_hash": "4b28d08cf57ae79aaf8d031c8c24688e", "change_alerts": [1778529132.1055107], "zamalek_alerts": [1778572636.2895246, 1778573177.8620818, 1778573230.4636958]}