{"last_hash": "eeebdc459b5edf3d3bff855ee606e253", "change_alerts": [1779207313.696485], "zamalek_alerts": [1779218709.4563143, 1779218831.6426857, 1779219189.1844416]}