{"last_hash": "eeebdc459b5edf3d3bff855ee606e253", "change_alerts": [1779207313.696485], "zamalek_alerts": [1779246789.0133069, 1779247028.7458956, 1779247270.9680746]}