{"last_hash": "160507726b3bbe59657966b64856b6b5", "change_alerts": [1778764036.9660027], "zamalek_alerts": [1778813648.4485795, 1778814068.790333, 1778814130.5486093]}