{"last_hash": "4592215032135f40d3962573bfe28d47", "change_alerts": [1780078782.2168598], "zamalek_alerts": [1779310214.8876493, 1779310509.989222, 1779310630.4401844]}