{"last_hash": "0bbb663d12daf45b3218e88e071865f3", "change_alerts": [1778680690.9927504], "zamalek_alerts": [1778682011.8357544, 1778682080.3826282, 1778682551.5973084]}