{"last_hash": "cd3d283c1910afef400931b7c8b2643c", "change_alerts": [1778706069.8980925], "zamalek_alerts": [1778707510.7649615, 1778707570.7965631, 1778707810.1924725]}