{"last_hash": "bdb33329bd8263fccef8f0d5c1275b9b", "change_alerts": [1779051670.6056542], "zamalek_alerts": [1779088870.7443702, 1779089049.7064312, 1779089108.9776447]}