{"last_hash": "414fc712a18e4bc84422bdd77991009b", "change_alerts": [1779138069.7107458], "zamalek_alerts": [1779189191.6703043, 1779189372.3465252, 1779189491.929421]}