{"last_hash": "8f0b551d2fdf7d8df0c303f311657973", "change_alerts": [1778935510.2033863], "zamalek_alerts": [1778943969.605686, 1778944390.1883502, 1778944509.0344253]}