{"last_hash": "eeebdc459b5edf3d3bff855ee606e253", "change_alerts": [1779207313.696485], "zamalek_alerts": [1779271391.7152584, 1779271751.133065, 1779271811.66693]}