{"last_hash": "0587e7417fb5539c759039ec1e9528c0", "change_alerts": [1778857089.4232304], "zamalek_alerts": [1778856969.3194246, 1778857210.6288464, 1778857331.5186894]}