{"last_hash": "cd3d283c1910afef400931b7c8b2643c", "change_alerts": [1778878869.4335852], "zamalek_alerts": [1778929089.9230204, 1778929148.903479, 1778929568.9259589]}