{"last_hash": "160507726b3bbe59657966b64856b6b5", "change_alerts": [1778764036.9660027], "zamalek_alerts": [1778805128.6076589, 1778805307.8067825, 1778805669.4895663]}