{"last_hash": "414fc712a18e4bc84422bdd77991009b", "change_alerts": [1779138069.7107458], "zamalek_alerts": [1779201132.9711413, 1779201315.0306125, 1779201492.5214775]}