{"last_hash": "bdb33329bd8263fccef8f0d5c1275b9b", "change_alerts": [1779051670.6056542], "zamalek_alerts": [1779092351.4969482, 1779092709.6629155, 1779092891.591521]}