{"last_hash": "414fc712a18e4bc84422bdd77991009b", "change_alerts": [1779138069.7107458], "zamalek_alerts": [1779148149.031232, 1779148388.6773496, 1779148689.9912817]}