{"last_hash": "8b52f514fbd6943a2b525940425deba0", "change_alerts": [1779296282.168154], "zamalek_alerts": [1779297671.9691281, 1779297888.0035105, 1779298111.1073802]}