{"last_hash": "cd3d283c1910afef400931b7c8b2643c", "change_alerts": [1778878869.4335852], "zamalek_alerts": [1778904489.9415843, 1778904549.8874137, 1778905088.3255951]}