{"last_hash": "160507726b3bbe59657966b64856b6b5", "change_alerts": [1778764036.9660027], "zamalek_alerts": [1778824574.9466295, 1778824630.0832078, 1778824930.7779794]}