{"last_hash": "3c278a109c702c71c2dfdf634a68d16f", "change_alerts": [1778597838.529936], "zamalek_alerts": [1778598259.1793752, 1778598320.2567608, 1778598738.0201538]}