{"last_hash": "ec2410e3a0550a47ec3cf487f0337c42", "change_alerts": [1778947090.3742], "zamalek_alerts": [1778950450.9334817, 1778950868.6652186, 1778950929.785513]}