{"last_hash": "bdb33329bd8263fccef8f0d5c1275b9b", "change_alerts": [1779051670.6056542], "zamalek_alerts": [1779055988.2925918, 1779056051.2904148, 1779056168.7014668]}