{"last_hash": "e5dad304fc12b822ee7d3d3c39383185", "change_alerts": [1778619676.1969736], "zamalek_alerts": [1778631550.1135528, 1778631910.103171, 1778632096.4200573]}