{"last_hash": "2a4efa092bd22dd808ac0f527a7df1bb", "change_alerts": [1778605095.8961227], "zamalek_alerts": [1778616798.7077916, 1778617271.1872952, 1778617333.6214068]}