{"last_hash": "cd3d283c1910afef400931b7c8b2643c", "change_alerts": [1778706069.8980925], "zamalek_alerts": [1778713516.2064724, 1778713935.887722, 1778713995.326587]}