{"last_hash": "160507726b3bbe59657966b64856b6b5", "change_alerts": [1778764036.9660027], "zamalek_alerts": [1778854815.933203, 1778855053.0472827, 1778855349.653884]}