{"last_hash": "2a4efa092bd22dd808ac0f527a7df1bb", "change_alerts": [1778605095.8961227], "zamalek_alerts": [1778614756.780587, 1778614883.3210099, 1778615349.2011924]}