{"last_hash": "cd3d283c1910afef400931b7c8b2643c", "change_alerts": [1778878869.4335852], "zamalek_alerts": [1778893508.5761435, 1778893570.3357437, 1778894048.5106447]}