{"last_hash": "eeebdc459b5edf3d3bff855ee606e253", "change_alerts": [1779207313.696485], "zamalek_alerts": [1779274692.1487424, 1779274933.1189046, 1779274991.4979374]}