{"last_hash": "4b28d08cf57ae79aaf8d031c8c24688e", "change_alerts": [1778529132.1055107], "zamalek_alerts": [1778561469.6040883, 1778561595.3600228, 1778561834.8384285]}