{"last_hash": "cd3d283c1910afef400931b7c8b2643c", "change_alerts": [1778878869.4335852], "zamalek_alerts": [1778883070.023048, 1778883129.0023403, 1778883249.1428087]}