{"last_hash": "160507726b3bbe59657966b64856b6b5", "change_alerts": [1778764036.9660027], "zamalek_alerts": [1778815995.4599092, 1778816108.1755, 1778816234.494474]}