{"last_hash": "160507726b3bbe59657966b64856b6b5", "change_alerts": [1778764036.9660027], "zamalek_alerts": [1778853790.879854, 1778854036.4357834, 1778854212.2944052]}