{"last_hash": "724d578157ed9587a24a0351b75fc579", "change_alerts": [1780003466.4506085], "zamalek_alerts": [1779310214.8876493, 1779310509.989222, 1779310630.4401844]}