{"last_hash": "cd3d283c1910afef400931b7c8b2643c", "change_alerts": [1778878869.4335852], "zamalek_alerts": [1778931128.0379603, 1778931487.8009396, 1778931668.0644379]}