{"last_hash": "160507726b3bbe59657966b64856b6b5", "change_alerts": [1778764036.9660027], "zamalek_alerts": [1778809808.2611163, 1778810228.5931704, 1778810295.2772522]}