{"last_hash": "3c278a109c702c71c2dfdf634a68d16f", "change_alerts": [1778597838.529936], "zamalek_alerts": [1778603239.2509394, 1778603349.0772746, 1778603477.2472827]}