{"last_hash": "8f0b551d2fdf7d8df0c303f311657973", "change_alerts": [1778935510.2033863], "zamalek_alerts": [1778945049.688259, 1778945168.4303944, 1778945227.4440134]}