{"last_hash": "3f37f67c9678bbc43d61beeed4e5e4cb", "change_alerts": [1779382690.7550867], "zamalek_alerts": [1779310214.8876493, 1779310509.989222, 1779310630.4401844]}