{"last_hash": "cd3d283c1910afef400931b7c8b2643c", "change_alerts": [1778878869.4335852], "zamalek_alerts": [1778923028.2554069, 1778923208.5037484, 1778923387.833387]}