{"last_hash": "6b097bb856b067af1f18dcb7eef033d7", "change_alerts": [1779105430.6761575], "zamalek_alerts": [1779109213.3186402, 1779109392.1536992, 1779109511.7657075]}