{"last_hash": "0e73d34a5beb2bc230aafe113d655f95", "change_alerts": [1779721089.0201192], "zamalek_alerts": [1779310214.8876493, 1779310509.989222, 1779310630.4401844]}