{"last_hash": "cd3d283c1910afef400931b7c8b2643c", "change_alerts": [1778878869.4335852], "zamalek_alerts": [1778892069.6866975, 1778892188.8422177, 1778892307.6527507]}