{"last_hash": "414fc712a18e4bc84422bdd77991009b", "change_alerts": [1779138069.7107458], "zamalek_alerts": [1779139268.9194167, 1779139688.8500462, 1779139749.4275234]}