{"last_hash": "eeebdc459b5edf3d3bff855ee606e253", "change_alerts": [1779207313.696485], "zamalek_alerts": [1779269171.4924028, 1779269230.5862777, 1779269473.3248255]}