{"last_hash": "cd3d283c1910afef400931b7c8b2643c", "change_alerts": [1778706069.8980925], "zamalek_alerts": [1778742669.6740804, 1778742730.2891285, 1778742915.2265308]}