{"last_hash": "414fc712a18e4bc84422bdd77991009b", "change_alerts": [1779138069.7107458], "zamalek_alerts": [1779198553.010815, 1779198793.0032225, 1779198913.4055326]}