{"last_hash": "cd3d283c1910afef400931b7c8b2643c", "change_alerts": [1778706069.8980925], "zamalek_alerts": [1778737454.6305182, 1778737577.30244, 1778737695.634708]}