{"last_hash": "160507726b3bbe59657966b64856b6b5", "change_alerts": [1778764036.9660027], "zamalek_alerts": [1778852470.711941, 1778852709.7868688, 1778852892.0455756]}