{"last_hash": "160507726b3bbe59657966b64856b6b5", "change_alerts": [1778764036.9660027], "zamalek_alerts": [1778785150.301685, 1778785212.415908, 1778785330.4765801]}