{"last_hash": "e5dad304fc12b822ee7d3d3c39383185", "change_alerts": [1778619676.1969736], "zamalek_alerts": [1778622549.2821517, 1778622975.5733511, 1778623030.3105578]}