{"last_hash": "29e48f96202c0e71dba54072292f5e29", "change_alerts": [1778954288.3403544], "zamalek_alerts": [1778954109.2363248, 1778954229.4993324, 1778954288.7029135]}