{"last_hash": "09a45bc277757498a3c5adef5bcfd46b", "change_alerts": [1779123497.5290146], "zamalek_alerts": [1779126803.9730735, 1779126862.578399, 1779127339.5473294]}