{"last_hash": "cd3d283c1910afef400931b7c8b2643c", "change_alerts": [1778706069.8980925], "zamalek_alerts": [1778740154.8347719, 1778740336.0900462, 1778740749.238309]}