{"last_hash": "ec2410e3a0550a47ec3cf487f0337c42", "change_alerts": [1778947090.3742], "zamalek_alerts": [1778947732.8707433, 1778947808.5278547, 1778948289.1412122]}