{"last_hash": "414fc712a18e4bc84422bdd77991009b", "change_alerts": [1779138069.7107458], "zamalek_alerts": [1779143108.8030164, 1779143470.3847234, 1779143708.1885123]}