{"last_hash": "e5dad304fc12b822ee7d3d3c39383185", "change_alerts": [1778619676.1969736], "zamalek_alerts": [1778624474.9257486, 1778624834.4922316, 1778624957.9110498]}