{"last_hash": "cd3d283c1910afef400931b7c8b2643c", "change_alerts": [1778878869.4335852], "zamalek_alerts": [1778926270.7864032, 1778926507.7552938, 1778926629.4901104]}