{"last_hash": "8f0b551d2fdf7d8df0c303f311657973", "change_alerts": [1778935510.2033863], "zamalek_alerts": [1778939467.9685755, 1778939829.0149877, 1778940008.2943375]}