{"last_hash": "160507726b3bbe59657966b64856b6b5", "change_alerts": [1778764036.9660027], "zamalek_alerts": [1778807595.9119377, 1778807709.9131246, 1778807888.8194482]}