{"last_hash": "1fbe6770728135e142c32e162f42c26d", "change_alerts": [1779048249.8664134], "zamalek_alerts": [1779050828.2149904, 1779050888.8380473, 1779050948.8052654]}