{"last_hash": "414fc712a18e4bc84422bdd77991009b", "change_alerts": [1779138069.7107458], "zamalek_alerts": [1779159969.6843016, 1779160331.4027026, 1779160390.4696944]}