{"last_hash": "0bbb663d12daf45b3218e88e071865f3", "change_alerts": [1778680690.9927504], "zamalek_alerts": [1778683822.3384154, 1778683879.4294486, 1778683997.918023]}