{"last_hash": "160507726b3bbe59657966b64856b6b5", "change_alerts": [1778764036.9660027], "zamalek_alerts": [1778794155.8810785, 1778794331.1944356, 1778794690.2216265]}