{"last_hash": "4b28d08cf57ae79aaf8d031c8c24688e", "change_alerts": [1778529132.1055107], "zamalek_alerts": [1778569931.4080532, 1778569990.5949326, 1778570529.5884333]}