{"last_hash": "bdb33329bd8263fccef8f0d5c1275b9b", "change_alerts": [1779051670.6056542], "zamalek_alerts": [1779091031.6170468, 1779091391.182004, 1779091631.4038534]}