{"last_hash": "6b097bb856b067af1f18dcb7eef033d7", "change_alerts": [1779105430.6761575], "zamalek_alerts": [1779105010.5809252, 1779105311.1560404, 1779105610.3894825]}