{"last_hash": "414fc712a18e4bc84422bdd77991009b", "change_alerts": [1779138069.7107458], "zamalek_alerts": [1779194591.5698059, 1779194952.939951, 1779195013.4829314]}