{"last_hash": "73821e7f67b267a87904e38e09d8c77c", "change_alerts": [1778684240.65375], "zamalek_alerts": [1778687783.8195689, 1778688252.825934, 1778688322.552756]}