{"last_hash": "c4a3783f1b7edf7ee3f30587dd5ab71d", "change_alerts": [1779026288.1137848], "zamalek_alerts": [1778964728.3663683, 1778964908.775344, 1778965148.4410048]}