{"last_hash": "35515102d6227c4ea57ada1c3347b050", "change_alerts": [1779461831.196512], "zamalek_alerts": [1779310214.8876493, 1779310509.989222, 1779310630.4401844]}