{"last_hash": "160507726b3bbe59657966b64856b6b5", "change_alerts": [1778764036.9660027], "zamalek_alerts": [1778844311.114057, 1778844488.648221, 1778844731.316468]}