{"last_hash": "2a4efa092bd22dd808ac0f527a7df1bb", "change_alerts": [1778605095.8961227], "zamalek_alerts": [1778615409.8775792, 1778615529.0156162, 1778615958.7022514]}