{"last_hash": "414fc712a18e4bc84422bdd77991009b", "change_alerts": [1779138069.7107458], "zamalek_alerts": [1779139870.242655, 1779140291.4685104, 1779140408.8164217]}