{"last_hash": "160507726b3bbe59657966b64856b6b5", "change_alerts": [1778764036.9660027], "zamalek_alerts": [1778852230.7966983, 1778852470.711941, 1778852709.7868688]}