{"last_hash": "be51e12da6e04146e96d2de7d3445bb5", "change_alerts": [1778594263.268594], "zamalek_alerts": [1778597417.2677646, 1778597602.3852077, 1778597717.4509888]}