{"last_hash": "e3c80b5ea4b446abc0fbfc997036e0a3", "change_alerts": [1780093186.1001122], "zamalek_alerts": [1779310214.8876493, 1779310509.989222, 1779310630.4401844]}