{"last_hash": "414fc712a18e4bc84422bdd77991009b", "change_alerts": [1779138069.7107458], "zamalek_alerts": [1779174431.463113, 1779174609.0954673, 1779174673.1165745]}