{"last_hash": "eeebdc459b5edf3d3bff855ee606e253", "change_alerts": [1779207313.696485], "zamalek_alerts": [1779234608.6945562, 1779234909.9547958, 1779235029.4587345]}