{"last_hash": "bdb33329bd8263fccef8f0d5c1275b9b", "change_alerts": [1779051670.6056542], "zamalek_alerts": [1779080589.0235088, 1779080770.2700853, 1779081068.9242656]}