{"last_hash": "414fc712a18e4bc84422bdd77991009b", "change_alerts": [1779138069.7107458], "zamalek_alerts": [1779186133.0497012, 1779186190.1886158, 1779186671.8071554]}