{"last_hash": "414fc712a18e4bc84422bdd77991009b", "change_alerts": [1779138069.7107458], "zamalek_alerts": [1779145631.158259, 1779145750.8565629, 1779146109.5060515]}