{"last_hash": "414fc712a18e4bc84422bdd77991009b", "change_alerts": [1779138069.7107458], "zamalek_alerts": [1779193092.6326287, 1779193151.1370165, 1779193330.5290217]}