{"last_hash": "4b28d08cf57ae79aaf8d031c8c24688e", "change_alerts": [1778529132.1055107], "zamalek_alerts": [1778573230.4636958, 1778573290.1649265, 1778573829.9035008]}