{"last_hash": "414fc712a18e4bc84422bdd77991009b", "change_alerts": [1779138069.7107458], "zamalek_alerts": [1779184091.1383812, 1779184151.5172987, 1779184212.2552087]}