{"last_hash": "cd3d283c1910afef400931b7c8b2643c", "change_alerts": [1778706069.8980925], "zamalek_alerts": [1778728690.1311486, 1778728755.2783582, 1778729169.834916]}