{"last_hash": "160507726b3bbe59657966b64856b6b5", "change_alerts": [1778764036.9660027], "zamalek_alerts": [1778809149.8563879, 1778809569.4528463, 1778809634.1721804]}