{"last_hash": "414fc712a18e4bc84422bdd77991009b", "change_alerts": [1779138069.7107458], "zamalek_alerts": [1779197895.0270228, 1779198132.820802, 1779198254.8383245]}