{"last_hash": "3c278a109c702c71c2dfdf634a68d16f", "change_alerts": [1778597838.529936], "zamalek_alerts": [1778600718.704175, 1778600780.1264346, 1778600891.8071024]}