{"last_hash": "e5dad304fc12b822ee7d3d3c39383185", "change_alerts": [1778619676.1969736], "zamalek_alerts": [1778662395.8633513, 1778662451.649794, 1778662637.1286335]}