{"last_hash": "d65d0cd22cf0b16dbffd0e97b4f8de6c", "change_alerts": [1778673431.5610158], "zamalek_alerts": [1778675178.9116702, 1778675537.3198028, 1778675658.5248058]}