{"last_hash": "eeebdc459b5edf3d3bff855ee606e253", "change_alerts": [1779207313.696485], "zamalek_alerts": [1779243370.5594583, 1779243608.3231692, 1779243850.258312]}