{"last_hash": "414fc712a18e4bc84422bdd77991009b", "change_alerts": [1779138069.7107458], "zamalek_alerts": [1779161050.8499782, 1779161228.7847376, 1779161588.6771657]}