{"last_hash": "160507726b3bbe59657966b64856b6b5", "change_alerts": [1778764036.9660027], "zamalek_alerts": [1778820070.1590075, 1778820489.039836, 1778820610.1809475]}