{"last_hash": "160507726b3bbe59657966b64856b6b5", "change_alerts": [1778764036.9660027], "zamalek_alerts": [1778835970.494109, 1778836089.191795, 1778836450.6106544]}