{"last_hash": "cd3d283c1910afef400931b7c8b2643c", "change_alerts": [1778878869.4335852], "zamalek_alerts": [1778906530.3601754, 1778907067.7807791, 1778907128.3906488]}