{"last_hash": "160507726b3bbe59657966b64856b6b5", "change_alerts": [1778764036.9660027], "zamalek_alerts": [1778769971.5920992, 1778770391.0232143, 1778770514.707282]}