{"last_hash": "414fc712a18e4bc84422bdd77991009b", "change_alerts": [1779138069.7107458], "zamalek_alerts": [1779138430.5840352, 1779138608.978039, 1779139031.0923648]}