{"last_hash": "160507726b3bbe59657966b64856b6b5", "change_alerts": [1778764036.9660027], "zamalek_alerts": [1778856551.668059, 1778856730.2055647, 1778856969.3194246]}