{"last_hash": "e5dad304fc12b822ee7d3d3c39383185", "change_alerts": [1778619676.1969736], "zamalek_alerts": [1778671695.824595, 1778671751.2558267, 1778671937.1880896]}