{"last_hash": "d809e5126780f3056f39e432d605d07a", "change_alerts": [1778691492.1375518], "zamalek_alerts": [1778697909.9795291, 1778698037.0031822, 1778698329.7909036]}