{"last_hash": "cd3d283c1910afef400931b7c8b2643c", "change_alerts": [1778706069.8980925], "zamalek_alerts": [1778715914.85712, 1778715968.7074203, 1778716156.807572]}