{"last_hash": "bdb33329bd8263fccef8f0d5c1275b9b", "change_alerts": [1779051670.6056542], "zamalek_alerts": [1779055448.4384499, 1779055510.0501413, 1779055988.2925918]}