{"last_hash": "cd3d283c1910afef400931b7c8b2643c", "change_alerts": [1778878869.4335852], "zamalek_alerts": [1778881089.9976473, 1778881149.8190532, 1778881329.0948951]}