{"last_hash": "29e48f96202c0e71dba54072292f5e29", "change_alerts": [1778954288.3403544], "zamalek_alerts": [1778959388.0905128, 1778959569.051209, 1778959867.3803244]}