{"last_hash": "cd3d283c1910afef400931b7c8b2643c", "change_alerts": [1778706069.8980925], "zamalek_alerts": [1778730609.612847, 1778730675.521671, 1778731087.2898562]}