{"last_hash": "89e6927578bb6e93f34688e38014974a", "change_alerts": [1779112693.5909824], "zamalek_alerts": [1779112452.1132226, 1779112513.7908309, 1779112810.2831964]}