{"last_hash": "eeebdc459b5edf3d3bff855ee606e253", "change_alerts": [1779207313.696485], "zamalek_alerts": [1779267310.3865147, 1779267492.101027, 1779267852.9074266]}