{"last_hash": "603ecd8b357a230297e9ed46c403df12", "change_alerts": [1780068579.1139686], "zamalek_alerts": [1779310214.8876493, 1779310509.989222, 1779310630.4401844]}