{"last_hash": "6b097bb856b067af1f18dcb7eef033d7", "change_alerts": [1779105430.6761575], "zamalek_alerts": [1779109870.9111383, 1779110050.9027429, 1779110173.3937793]}