{"last_hash": "d809e5126780f3056f39e432d605d07a", "change_alerts": [1778691492.1375518], "zamalek_alerts": [1778698930.641366, 1778699116.7437003, 1778699297.2020638]}