{"last_hash": "4b28d08cf57ae79aaf8d031c8c24688e", "change_alerts": [1778529132.1055107], "zamalek_alerts": [1778554329.7227004, 1778554389.8949761, 1778554754.631973]}