{"last_hash": "eeebdc459b5edf3d3bff855ee606e253", "change_alerts": [1779207313.696485], "zamalek_alerts": [1779278171.7649896, 1779278231.79368, 1779278593.2183988]}