{"last_hash": "cd3d283c1910afef400931b7c8b2643c", "change_alerts": [1778706069.8980925], "zamalek_alerts": [1778735650.115051, 1778735768.953023, 1778736190.6058197]}