{"last_hash": "4b28d08cf57ae79aaf8d031c8c24688e", "change_alerts": [1778529132.1055107], "zamalek_alerts": [1778537956.626262, 1778538134.8383934, 1778538370.4491823]}