{"last_hash": "414fc712a18e4bc84422bdd77991009b", "change_alerts": [1779138069.7107458], "zamalek_alerts": [1779199571.287764, 1779199812.7753088, 1779200054.4346755]}