{"last_hash": "414fc712a18e4bc84422bdd77991009b", "change_alerts": [1779138069.7107458], "zamalek_alerts": [1779205872.8853269, 1779206351.349799, 1779206413.4419398]}