{"last_hash": "414fc712a18e4bc84422bdd77991009b", "change_alerts": [1779138069.7107458], "zamalek_alerts": [1779195674.0007417, 1779195911.841479, 1779196212.1515684]}