{"last_hash": "eeebdc459b5edf3d3bff855ee606e253", "change_alerts": [1779207313.696485], "zamalek_alerts": [1779235029.4587345, 1779235209.8253424, 1779235558.213472]}