{"last_hash": "8b52f514fbd6943a2b525940425deba0", "change_alerts": [1779296282.168154], "zamalek_alerts": [1779306190.3412151, 1779306429.6666965, 1779306730.315007]}