{"last_hash": "ec2410e3a0550a47ec3cf487f0337c42", "change_alerts": [1778947090.3742], "zamalek_alerts": [1778947090.914187, 1778947148.1516523, 1778947628.305886]}