{"last_hash": "414fc712a18e4bc84422bdd77991009b", "change_alerts": [1779138069.7107458], "zamalek_alerts": [1779155108.4315937, 1779155228.897726, 1779155468.379086]}