{"last_hash": "cd3d283c1910afef400931b7c8b2643c", "change_alerts": [1778878869.4335852], "zamalek_alerts": [1778932748.2678628, 1778932929.1535704, 1778933049.1152272]}