{"last_hash": "eeebdc459b5edf3d3bff855ee606e253", "change_alerts": [1779207313.696485], "zamalek_alerts": [1779276250.524575, 1779276310.1959414, 1779276610.4347892]}