{"last_hash": "4b28d08cf57ae79aaf8d031c8c24688e", "change_alerts": [1778529132.1055107], "zamalek_alerts": [1778551029.9450276, 1778551149.6994567, 1778551568.7284124]}