{"last_hash": "bdb33329bd8263fccef8f0d5c1275b9b", "change_alerts": [1779051670.6056542], "zamalek_alerts": [1779060668.334417, 1779060729.7209857, 1779061268.2444444]}