{"last_hash": "e5dad304fc12b822ee7d3d3c39383185", "change_alerts": [1778619676.1969736], "zamalek_alerts": [1778623689.4038274, 1778623869.4160495, 1778624231.5256133]}