{"last_hash": "eeebdc459b5edf3d3bff855ee606e253", "change_alerts": [1779207313.696485], "zamalek_alerts": [1779280451.781381, 1779280690.2127147, 1779280810.8971732]}