{"last_hash": "160507726b3bbe59657966b64856b6b5", "change_alerts": [1778764036.9660027], "zamalek_alerts": [1778837115.3931105, 1778837290.7501197, 1778837348.9634688]}