{"last_hash": "cd3d283c1910afef400931b7c8b2643c", "change_alerts": [1778706069.8980925], "zamalek_alerts": [1778725875.061418, 1778726175.6418078, 1778726228.8363314]}