{"last_hash": "686dae7d36c901cf2f6b8b6c82352b83", "change_alerts": [1778587096.5849915], "zamalek_alerts": [1778587871.0203786, 1778587933.8514035, 1778588116.1707168]}