{"last_hash": "414fc712a18e4bc84422bdd77991009b", "change_alerts": [1779138069.7107458], "zamalek_alerts": [1779154568.5210629, 1779154808.0874982, 1779155108.4315937]}