{"last_hash": "414fc712a18e4bc84422bdd77991009b", "change_alerts": [1779138069.7107458], "zamalek_alerts": [1779187451.7820075, 1779187511.8027453, 1779187929.903441]}