{"last_hash": "bdb33329bd8263fccef8f0d5c1275b9b", "change_alerts": [1779051670.6056542], "zamalek_alerts": [1779052088.76809, 1779052149.0782316, 1779052268.7648613]}