{"last_hash": "160507726b3bbe59657966b64856b6b5", "change_alerts": [1778764036.9660027], "zamalek_alerts": [1778776156.8072312, 1778776211.305997, 1778776451.7147284]}