{"last_hash": "bdb33329bd8263fccef8f0d5c1275b9b", "change_alerts": [1779051670.6056542], "zamalek_alerts": [1779097871.1003366, 1779098049.276823, 1779098172.8607254]}