{"last_hash": "160507726b3bbe59657966b64856b6b5", "change_alerts": [1778764036.9660027], "zamalek_alerts": [1778782812.0493152, 1778783232.3483274, 1778783357.5056853]}