{"last_hash": "cd3d283c1910afef400931b7c8b2643c", "change_alerts": [1778878869.4335852], "zamalek_alerts": [1778896028.7170506, 1778896147.092265, 1778896628.1549506]}