{"last_hash": "414fc712a18e4bc84422bdd77991009b", "change_alerts": [1779138069.7107458], "zamalek_alerts": [1779146289.3074102, 1779146411.2765672, 1779146768.6364036]}