{"last_hash": "73821e7f67b267a87904e38e09d8c77c", "change_alerts": [1778684240.65375], "zamalek_alerts": [1778685190.3139932, 1778685258.4760835, 1778685682.5606387]}