{"last_hash": "bdb33329bd8263fccef8f0d5c1275b9b", "change_alerts": [1779051670.6056542], "zamalek_alerts": [1779087069.1238444, 1779087189.5275145, 1779087551.363387]}