{"last_hash": "160507726b3bbe59657966b64856b6b5", "change_alerts": [1778764036.9660027], "zamalek_alerts": [1778772551.106991, 1778772972.510102, 1778773030.8484406]}