{"last_hash": "e5dad304fc12b822ee7d3d3c39383185", "change_alerts": [1778619676.1969736], "zamalek_alerts": [1778649790.9898477, 1778650151.0928288, 1778650207.9973674]}