{"last_hash": "414fc712a18e4bc84422bdd77991009b", "change_alerts": [1779138069.7107458], "zamalek_alerts": [1779170108.483636, 1779170288.4219427, 1779170650.722419]}