{"last_hash": "eeebdc459b5edf3d3bff855ee606e253", "change_alerts": [1779207313.696485], "zamalek_alerts": [1779233349.5342782, 1779233590.3786347, 1779233709.109297]}