{"last_hash": "89e6927578bb6e93f34688e38014974a", "change_alerts": [1779112693.5909824], "zamalek_alerts": [1779115397.1159308, 1779115755.211003, 1779115812.555857]}