{"last_hash": "bdb33329bd8263fccef8f0d5c1275b9b", "change_alerts": [1779051670.6056542], "zamalek_alerts": [1779074709.4189658, 1779074889.3999324, 1779075007.9176738]}