{"last_hash": "eeebdc459b5edf3d3bff855ee606e253", "change_alerts": [1779207313.696485], "zamalek_alerts": [1779257231.0871692, 1779257471.740558, 1779257651.124706]}