{"last_hash": "d65d0cd22cf0b16dbffd0e97b4f8de6c", "change_alerts": [1778673431.5610158], "zamalek_alerts": [1778677572.2236633, 1778677691.9902341, 1778678052.0031905]}