{"last_hash": "7a7bc9fe4c443d8f754c201100c50357", "change_alerts": [1778864289.1329484], "zamalek_alerts": [1778877850.0581973, 1778877909.8109496, 1778878089.7997036]}