{"last_hash": "bdb33329bd8263fccef8f0d5c1275b9b", "change_alerts": [1779051670.6056542], "zamalek_alerts": [1779076208.0006626, 1779076269.7077827, 1779076572.0440485]}