{"last_hash": "eeebdc459b5edf3d3bff855ee606e253", "change_alerts": [1779207313.696485], "zamalek_alerts": [1779252550.2611568, 1779252669.5238328, 1779252909.9767926]}