{"last_hash": "cd3d283c1910afef400931b7c8b2643c", "change_alerts": [1778878869.4335852], "zamalek_alerts": [1778890091.6014016, 1778890270.1261294, 1778890329.8874028]}