{"last_hash": "e5dad304fc12b822ee7d3d3c39383185", "change_alerts": [1778619676.1969736], "zamalek_alerts": [1778634616.7511673, 1778634789.5535276, 1778635090.6975517]}