{"last_hash": "cd3d283c1910afef400931b7c8b2643c", "change_alerts": [1778878869.4335852], "zamalek_alerts": [1778900529.4226604, 1778900589.1295345, 1778900649.4602163]}