{"last_hash": "160507726b3bbe59657966b64856b6b5", "change_alerts": [1778764036.9660027], "zamalek_alerts": [1778795596.08707, 1778796015.990007, 1778796076.3977191]}