{"last_hash": "d809e5126780f3056f39e432d605d07a", "change_alerts": [1778691492.1375518], "zamalek_alerts": [1778694679.5045226, 1778694871.5896556, 1778695091.271598]}