{"last_hash": "160507726b3bbe59657966b64856b6b5", "change_alerts": [1778764036.9660027], "zamalek_alerts": [1778823908.362001, 1778823969.094472, 1778824330.0334089]}