{"last_hash": "d809e5126780f3056f39e432d605d07a", "change_alerts": [1778691492.1375518], "zamalek_alerts": [1778696117.023874, 1778696357.824995, 1778696591.5117972]}