{"last_hash": "4b28d08cf57ae79aaf8d031c8c24688e", "change_alerts": [1778529132.1055107], "zamalek_alerts": [1778567891.6834555, 1778567955.8353953, 1778568015.7769537]}