{"last_hash": "cd3d283c1910afef400931b7c8b2643c", "change_alerts": [1778878869.4335852], "zamalek_alerts": [1778916789.828411, 1778916848.7745862, 1778917269.6416802]}