{"last_hash": "160507726b3bbe59657966b64856b6b5", "change_alerts": [1778764036.9660027], "zamalek_alerts": [1778847969.6960905, 1778848208.9259856, 1778848329.3611062]}