{"last_hash": "73821e7f67b267a87904e38e09d8c77c", "change_alerts": [1778684240.65375], "zamalek_alerts": [1778686519.3706646, 1778686994.8434918, 1778687063.6563327]}