{"last_hash": "160507726b3bbe59657966b64856b6b5", "change_alerts": [1778764036.9660027], "zamalek_alerts": [1778801415.0736146, 1778801769.612447, 1778801830.1319299]}