{"last_hash": "09a45bc277757498a3c5adef5bcfd46b", "change_alerts": [1779123497.5290146], "zamalek_alerts": [1779129314.515928, 1779129376.7189057, 1779129431.9842956]}