{"last_hash": "09a45bc277757498a3c5adef5bcfd46b", "change_alerts": [1779123497.5290146], "zamalek_alerts": [1779137051.7039511, 1779137169.6533291, 1779137349.1652732]}