{"last_hash": "eeebdc459b5edf3d3bff855ee606e253", "change_alerts": [1779207313.696485], "zamalek_alerts": [1779228791.5304568, 1779229090.882588, 1779229150.5813332]}