{"last_hash": "cd3d283c1910afef400931b7c8b2643c", "change_alerts": [1778878869.4335852], "zamalek_alerts": [1778924528.234959, 1778924649.3690953, 1778925007.6695595]}