{"last_hash": "eeebdc459b5edf3d3bff855ee606e253", "change_alerts": [1779207313.696485], "zamalek_alerts": [1779229451.5480301, 1779229750.38068, 1779229809.809713]}