{"last_hash": "bdb33329bd8263fccef8f0d5c1275b9b", "change_alerts": [1779051670.6056542], "zamalek_alerts": [1779102731.3956985, 1779102970.9740212, 1779103090.235197]}