{"last_hash": "eeebdc459b5edf3d3bff855ee606e253", "change_alerts": [1779207313.696485], "zamalek_alerts": [1779277510.2468622, 1779277571.4066932, 1779277931.5850759]}