{"last_hash": "cd3d283c1910afef400931b7c8b2643c", "change_alerts": [1778706069.8980925], "zamalek_alerts": [1778750591.6341372, 1778750889.966127, 1778751078.145513]}