{"last_hash": "0bbb663d12daf45b3218e88e071865f3", "change_alerts": [1778680690.9927504], "zamalek_alerts": [1778680754.4543796, 1778680874.357623, 1778681239.243288]}