{"last_hash": "1797bc208669042af1d39f63485daf6c", "change_alerts": [1780319329.4447525], "zamalek_alerts": [1779310214.8876493, 1779310509.989222, 1779310630.4401844]}