{"last_hash": "414fc712a18e4bc84422bdd77991009b", "change_alerts": [1779138069.7107458], "zamalek_alerts": [1779157389.9292762, 1779157689.0855222, 1779157749.9128985]}