{"last_hash": "4b28d08cf57ae79aaf8d031c8c24688e", "change_alerts": [1778529132.1055107], "zamalek_alerts": [1778530575.8018787, 1778530996.4040172, 1778531171.245516]}