{"last_hash": "d809e5126780f3056f39e432d605d07a", "change_alerts": [1778691492.1375518], "zamalek_alerts": [1778692878.6039596, 1778693231.386121, 1778693471.2994134]}