{"last_hash": "eeebdc459b5edf3d3bff855ee606e253", "change_alerts": [1779207313.696485], "zamalek_alerts": [1779207791.8794823, 1779208213.531882, 1779208330.9021108]}