{"last_hash": "bdb33329bd8263fccef8f0d5c1275b9b", "change_alerts": [1779051670.6056542], "zamalek_alerts": [1779073569.4995282, 1779073690.1328294, 1779074049.8246105]}