{"last_hash": "07aa9a79b4b0c25d08240312482f025e", "change_alerts": [1779289092.580766], "zamalek_alerts": [1779291854.7104938, 1779292213.4085255, 1779292333.4097116]}