{"last_hash": "cd3d283c1910afef400931b7c8b2643c", "change_alerts": [1778706069.8980925], "zamalek_alerts": [1778745249.9365468, 1778745435.3174634, 1778745848.7173097]}