{"last_hash": "414fc712a18e4bc84422bdd77991009b", "change_alerts": [1779138069.7107458], "zamalek_alerts": [1779175869.9782984, 1779175992.0818343, 1779176409.413753]}