{"last_hash": "eeebdc459b5edf3d3bff855ee606e253", "change_alerts": [1779207313.696485], "zamalek_alerts": [1779251289.9665864, 1779251410.2524207, 1779251690.824273]}