{"last_hash": "cd3d283c1910afef400931b7c8b2643c", "change_alerts": [1778878869.4335852], "zamalek_alerts": [1778882409.175363, 1778882469.7557259, 1778882590.1986187]}