{"last_hash": "eeebdc459b5edf3d3bff855ee606e253", "change_alerts": [1779207313.696485], "zamalek_alerts": [1779248709.1469467, 1779248890.3412035, 1779249131.669415]}