{"last_hash": "cd3d283c1910afef400931b7c8b2643c", "change_alerts": [1778706069.8980925], "zamalek_alerts": [1778756896.979758, 1778757069.6100512, 1778757192.1582797]}