{"last_hash": "eeebdc459b5edf3d3bff855ee606e253", "change_alerts": [1779207313.696485], "zamalek_alerts": [1779263592.8815217, 1779264010.0519104, 1779264070.4736931]}