{"last_hash": "7a7bc9fe4c443d8f754c201100c50357", "change_alerts": [1778864289.1329484], "zamalek_alerts": [1778864590.2618585, 1778865011.9298172, 1778865130.1061854]}