{"last_hash": "eeebdc459b5edf3d3bff855ee606e253", "change_alerts": [1779207313.696485], "zamalek_alerts": [1779245529.6103165, 1779245769.074538, 1779246009.8405159]}