{"last_hash": "7a7bc9fe4c443d8f754c201100c50357", "change_alerts": [1778864289.1329484], "zamalek_alerts": [1778872331.7123792, 1778872748.9670353, 1778872868.7499537]}