{"last_hash": "7a7bc9fe4c443d8f754c201100c50357", "change_alerts": [1778864289.1329484], "zamalek_alerts": [1778869749.2401154, 1778870109.7609184, 1778870230.659893]}