{"last_hash": "d716765aaac63130ff026cc8d3029c4a", "change_alerts": [1780339880.6688817], "zamalek_alerts": [1779310214.8876493, 1779310509.989222, 1779310630.4401844]}