{"last_hash": "160507726b3bbe59657966b64856b6b5", "change_alerts": [1778764036.9660027], "zamalek_alerts": [1778847010.474281, 1778847310.701215, 1778847550.2465088]}