{"last_hash": "bdb33329bd8263fccef8f0d5c1275b9b", "change_alerts": [1779051670.6056542], "zamalek_alerts": [1779052268.7648613, 1779052749.1986556, 1779052809.5137806]}