{"last_hash": "8b52f514fbd6943a2b525940425deba0", "change_alerts": [1779296282.168154], "zamalek_alerts": [1779308891.1368408, 1779309250.984784, 1779309372.873993]}