{"last_hash": "be51e12da6e04146e96d2de7d3445bb5", "change_alerts": [1778594263.268594], "zamalek_alerts": [1778596161.658114, 1778596278.7520163, 1778596465.4307966]}