{"last_hash": "cd3d283c1910afef400931b7c8b2643c", "change_alerts": [1778706069.8980925], "zamalek_alerts": [1778762716.8363678, 1778762776.0862386, 1778762956.5694692]}