{"last_hash": "09a45bc277757498a3c5adef5bcfd46b", "change_alerts": [1779123497.5290146], "zamalek_alerts": [1779127517.751496, 1779128015.3573673, 1779128061.7998655]}