{"last_hash": "160507726b3bbe59657966b64856b6b5", "change_alerts": [1778764036.9660027], "zamalek_alerts": [1778817308.123905, 1778817375.3195152, 1778817490.2581184]}