{"last_hash": "eeebdc459b5edf3d3bff855ee606e253", "change_alerts": [1779207313.696485], "zamalek_alerts": [1779220150.422758, 1779220448.9830036, 1779220572.7336109]}