{"last_hash": "4b28d08cf57ae79aaf8d031c8c24688e", "change_alerts": [1778529132.1055107], "zamalek_alerts": [1778562489.5997193, 1778562790.1418145, 1778562915.8487217]}