{"last_hash": "eeebdc459b5edf3d3bff855ee606e253", "change_alerts": [1779207313.696485], "zamalek_alerts": [1779265332.4581907, 1779265512.117653, 1779265930.6686513]}