{"last_hash": "cd3d283c1910afef400931b7c8b2643c", "change_alerts": [1778706069.8980925], "zamalek_alerts": [1778731214.5231054, 1778731329.081505, 1778731689.3490782]}