{"last_hash": "eeebdc459b5edf3d3bff855ee606e253", "change_alerts": [1779207313.696485], "zamalek_alerts": [1779236830.2347176, 1779236949.255427, 1779237189.5597942]}