{"last_hash": "89e6927578bb6e93f34688e38014974a", "change_alerts": [1779112693.5909824], "zamalek_alerts": [1779113112.8039918, 1779113174.57641, 1779113415.7364655]}