{"last_hash": "160507726b3bbe59657966b64856b6b5", "change_alerts": [1778764036.9660027], "zamalek_alerts": [1778768712.172569, 1778769129.9098642, 1778769257.5902843]}