{"last_hash": "bdb33329bd8263fccef8f0d5c1275b9b", "change_alerts": [1779051670.6056542], "zamalek_alerts": [1779063307.9729161, 1779063369.5820098, 1779063849.3935435]}