{"last_hash": "eeebdc459b5edf3d3bff855ee606e253", "change_alerts": [1779207313.696485], "zamalek_alerts": [1779210911.0856688, 1779211029.7517512, 1779211391.597]}