{"last_hash": "eeebdc459b5edf3d3bff855ee606e253", "change_alerts": [1779207313.696485], "zamalek_alerts": [1779254650.5659149, 1779254890.3541462, 1779255130.5804362]}