{"last_hash": "160507726b3bbe59657966b64856b6b5", "change_alerts": [1778764036.9660027], "zamalek_alerts": [1778803750.276111, 1778803806.1085207, 1778803989.2591603]}