{"last_hash": "cd3d283c1910afef400931b7c8b2643c", "change_alerts": [1778878869.4335852], "zamalek_alerts": [1778895308.9484365, 1778895369.7524304, 1778895490.6065378]}