{"last_hash": "8f0b551d2fdf7d8df0c303f311657973", "change_alerts": [1778935510.2033863], "zamalek_alerts": [1778937550.2852638, 1778937909.3175461, 1778938089.7102127]}