{"last_hash": "414fc712a18e4bc84422bdd77991009b", "change_alerts": [1779138069.7107458], "zamalek_alerts": [1779178933.4924297, 1779179053.3502514, 1779179170.3777988]}