{"last_hash": "4b28d08cf57ae79aaf8d031c8c24688e", "change_alerts": [1778529132.1055107], "zamalek_alerts": [1778535009.3817542, 1778535131.514008, 1778535429.1090655]}