{"last_hash": "2bd8af16330e1e2dc0d126652084bdb2", "change_alerts": [1779742869.8092675], "zamalek_alerts": [1779310214.8876493, 1779310509.989222, 1779310630.4401844]}