{"last_hash": "4b28d08cf57ae79aaf8d031c8c24688e", "change_alerts": [1778529132.1055107], "zamalek_alerts": [1778536217.077186, 1778536453.8001506, 1778536694.4558585]}