{"last_hash": "e5dad304fc12b822ee7d3d3c39383185", "change_alerts": [1778619676.1969736], "zamalek_alerts": [1778663896.2516723, 1778664370.61065, 1778664432.0881815]}