{"last_hash": "cd3d283c1910afef400931b7c8b2643c", "change_alerts": [1778706069.8980925], "zamalek_alerts": [1778739429.406159, 1778739488.8269289, 1778739669.781747]}