{"last_hash": "cd3d283c1910afef400931b7c8b2643c", "change_alerts": [1778706069.8980925], "zamalek_alerts": [1778755097.1145413, 1778755276.2799635, 1778755689.7051125]}