{"last_hash": "eeebdc459b5edf3d3bff855ee606e253", "change_alerts": [1779207313.696485], "zamalek_alerts": [1779244508.2009146, 1779244690.0056942, 1779244869.314704]}