{"last_hash": "160507726b3bbe59657966b64856b6b5", "change_alerts": [1778764036.9660027], "zamalek_alerts": [1778841254.8056078, 1778841550.7740269, 1778841790.1446767]}