{"last_hash": "160507726b3bbe59657966b64856b6b5", "change_alerts": [1778764036.9660027], "zamalek_alerts": [1778795349.3434267, 1778795468.9334807, 1778795596.08707]}