{"last_hash": "7a7bc9fe4c443d8f754c201100c50357", "change_alerts": [1778864289.1329484], "zamalek_alerts": [1778864350.6829002, 1778864471.67723, 1778864590.2618585]}