{"last_hash": "bdb33329bd8263fccef8f0d5c1275b9b", "change_alerts": [1779051670.6056542], "zamalek_alerts": [1779098650.1231434, 1779098830.3142843, 1779099131.4272912]}