{"last_hash": "7a7bc9fe4c443d8f754c201100c50357", "change_alerts": [1778864289.1329484], "zamalek_alerts": [1778875510.6376019, 1778875870.8890107, 1778875930.200872]}