{"last_hash": "160507726b3bbe59657966b64856b6b5", "change_alerts": [1778764036.9660027], "zamalek_alerts": [1778771901.8181772, 1778772313.7590306, 1778772370.3456585]}