{"last_hash": "5bd570c9c212d14cb52aba76d1bf1de0", "change_alerts": [1779483669.9673297], "zamalek_alerts": [1779310214.8876493, 1779310509.989222, 1779310630.4401844]}