{"last_hash": "cd3d283c1910afef400931b7c8b2643c", "change_alerts": [1778706069.8980925], "zamalek_alerts": [1778757555.4999893, 1778757676.7297292, 1778757850.1064827]}