{"last_hash": "e5dad304fc12b822ee7d3d3c39383185", "change_alerts": [1778619676.1969736], "zamalek_alerts": [1778633957.171551, 1778634135.9059029, 1778634489.9895399]}