{"last_hash": "414fc712a18e4bc84422bdd77991009b", "change_alerts": [1779138069.7107458], "zamalek_alerts": [1779166089.6787336, 1779166207.7820296, 1779166390.1022484]}