{"last_hash": "eeebdc459b5edf3d3bff855ee606e253", "change_alerts": [1779207313.696485], "zamalek_alerts": [1779272052.059785, 1779272410.1174388, 1779272471.5639188]}