{"last_hash": "cd3d283c1910afef400931b7c8b2643c", "change_alerts": [1778706069.8980925], "zamalek_alerts": [1778744649.0390334, 1778744770.5732481, 1778745194.8398316]}