{"last_hash": "414fc712a18e4bc84422bdd77991009b", "change_alerts": [1779138069.7107458], "zamalek_alerts": [1779160331.4027026, 1779160390.4696944, 1779160570.3994255]}