{"last_hash": "414fc712a18e4bc84422bdd77991009b", "change_alerts": [1779138069.7107458], "zamalek_alerts": [1779170891.3617744, 1779171308.8405712, 1779171369.440147]}