{"last_hash": "160507726b3bbe59657966b64856b6b5", "change_alerts": [1778764036.9660027], "zamalek_alerts": [1778839271.2754872, 1778839689.8077333, 1778839870.1469505]}