{"last_hash": "4b28d08cf57ae79aaf8d031c8c24688e", "change_alerts": [1778529132.1055107], "zamalek_alerts": [1778557629.8579338, 1778557695.7277062, 1778557930.3885765]}