{"last_hash": "eeebdc459b5edf3d3bff855ee606e253", "change_alerts": [1779207313.696485], "zamalek_alerts": [1779207010.7649472, 1779207071.1461778, 1779207133.7355726]}