{"last_hash": "160507726b3bbe59657966b64856b6b5", "change_alerts": [1778764036.9660027], "zamalek_alerts": [1778796076.3977191, 1778796251.2667367, 1778796669.1623363]}