{"last_hash": "eeebdc459b5edf3d3bff855ee606e253", "change_alerts": [1779207313.696485], "zamalek_alerts": [1779217870.3612509, 1779218052.6035602, 1779218171.457953]}