{"last_hash": "eeebdc459b5edf3d3bff855ee606e253", "change_alerts": [1779207313.696485], "zamalek_alerts": [1779286519.3664038, 1779286758.1170652, 1779287060.424091]}