{"last_hash": "414fc712a18e4bc84422bdd77991009b", "change_alerts": [1779138069.7107458], "zamalek_alerts": [1779182951.7377052, 1779183434.4263978, 1779183493.1478662]}