{"last_hash": "414fc712a18e4bc84422bdd77991009b", "change_alerts": [1779138069.7107458], "zamalek_alerts": [1779181692.0412486, 1779182172.2563543, 1779182231.9916859]}