{"last_hash": "5cd35d202eaf88188d297b35b4980347", "change_alerts": [1779469029.8960023], "zamalek_alerts": [1779310214.8876493, 1779310509.989222, 1779310630.4401844]}