{"last_hash": "cd3d283c1910afef400931b7c8b2643c", "change_alerts": [1778706069.8980925], "zamalek_alerts": [1778738348.8947227, 1778738770.4374425, 1778738831.740794]}