{"last_hash": "d9756930f15381ebeab3d3fbb5369c7d", "change_alerts": [1779451089.2212286], "zamalek_alerts": [1779310214.8876493, 1779310509.989222, 1779310630.4401844]}