{"last_hash": "4b28d08cf57ae79aaf8d031c8c24688e", "change_alerts": [1778529132.1055107], "zamalek_alerts": [1778549888.4464679, 1778550256.30492, 1778550368.8224554]}