{"last_hash": "73821e7f67b267a87904e38e09d8c77c", "change_alerts": [1778684240.65375], "zamalek_alerts": [1778686338.1302419, 1778686403.3205142, 1778686519.3706646]}