{"last_hash": "414fc712a18e4bc84422bdd77991009b", "change_alerts": [1779138069.7107458], "zamalek_alerts": [1779175211.5785358, 1779175332.4252005, 1779175751.5643094]}