{"last_hash": "160507726b3bbe59657966b64856b6b5", "change_alerts": [1778764036.9660027], "zamalek_alerts": [1778837348.9634688, 1778837770.0164297, 1778837948.8644536]}