{"last_hash": "cd3d283c1910afef400931b7c8b2643c", "change_alerts": [1778878869.4335852], "zamalek_alerts": [1778915587.8796043, 1778916009.0082214, 1778916129.3189561]}