{"last_hash": "7a7bc9fe4c443d8f754c201100c50357", "change_alerts": [1778864289.1329484], "zamalek_alerts": [1778876589.4898806, 1778876770.4938853, 1778877188.722439]}