{"last_hash": "160507726b3bbe59657966b64856b6b5", "change_alerts": [1778764036.9660027], "zamalek_alerts": [1778780779.5054462, 1778780829.5071507, 1778781315.3316483]}