{"last_hash": "414fc712a18e4bc84422bdd77991009b", "change_alerts": [1779138069.7107458], "zamalek_alerts": [1779179170.3777988, 1779179590.270058, 1779179710.4292796]}