{"last_hash": "160507726b3bbe59657966b64856b6b5", "change_alerts": [1778764036.9660027], "zamalek_alerts": [1778782150.9546568, 1778782571.6313386, 1778782749.9591372]}