{"last_hash": "414fc712a18e4bc84422bdd77991009b", "change_alerts": [1779138069.7107458], "zamalek_alerts": [1779188714.5974913, 1779188834.2568636, 1779189191.6703043]}