{"last_hash": "160507726b3bbe59657966b64856b6b5", "change_alerts": [1778764036.9660027], "zamalek_alerts": [1778842209.2205675, 1778842391.5421863, 1778842569.2670388]}