{"last_hash": "eeebdc459b5edf3d3bff855ee606e253", "change_alerts": [1779207313.696485], "zamalek_alerts": [1779279249.889598, 1779279431.8907032, 1779279491.2146678]}