{"last_hash": "4b28d08cf57ae79aaf8d031c8c24688e", "change_alerts": [1778529132.1055107], "zamalek_alerts": [1778533154.1042364, 1778533524.8557386, 1778533698.0229235]}