{"last_hash": "bdb33329bd8263fccef8f0d5c1275b9b", "change_alerts": [1779051670.6056542], "zamalek_alerts": [1779087732.3782084, 1779087791.12356, 1779088209.0932348]}