{"last_hash": "eeebdc459b5edf3d3bff855ee606e253", "change_alerts": [1779207313.696485], "zamalek_alerts": [1779219189.1844416, 1779219311.516613, 1779219491.254059]}