{"last_hash": "cd3d283c1910afef400931b7c8b2643c", "change_alerts": [1778706069.8980925], "zamalek_alerts": [1778713269.1478152, 1778713392.0232556, 1778713516.2064724]}