{"last_hash": "160507726b3bbe59657966b64856b6b5", "change_alerts": [1778764036.9660027], "zamalek_alerts": [1778852892.0455756, 1778853135.4776735, 1778853371.3087716]}