{"last_hash": "cd3d283c1910afef400931b7c8b2643c", "change_alerts": [1778878869.4335852], "zamalek_alerts": [1778895490.6065378, 1778895968.4735072, 1778896028.7170506]}