{"last_hash": "cd3d283c1910afef400931b7c8b2643c", "change_alerts": [1778878869.4335852], "zamalek_alerts": [1778896628.1549506, 1778896689.6924126, 1778896747.5512242]}