{"last_hash": "4b28d08cf57ae79aaf8d031c8c24688e", "change_alerts": [1778529132.1055107], "zamalek_alerts": [1778560809.4049797, 1778560935.66473, 1778561175.0091763]}