{"last_hash": "4b28d08cf57ae79aaf8d031c8c24688e", "change_alerts": [1778529132.1055107], "zamalek_alerts": [1778564056.3638427, 1778564171.3824813, 1778564349.218836]}