{"last_hash": "cd3d283c1910afef400931b7c8b2643c", "change_alerts": [1778706069.8980925], "zamalek_alerts": [1778732531.0689564, 1778732595.000525, 1778732950.2164938]}