{"last_hash": "bdb33329bd8263fccef8f0d5c1275b9b", "change_alerts": [1779051670.6056542], "zamalek_alerts": [1779103389.8800092, 1779103633.1188736, 1779103692.4312932]}