{"last_hash": "160507726b3bbe59657966b64856b6b5", "change_alerts": [1778764036.9660027], "zamalek_alerts": [1778845995.2547703, 1778846230.7823195, 1778846349.6311145]}