{"last_hash": "7a7bc9fe4c443d8f754c201100c50357", "change_alerts": [1778864289.1329484], "zamalek_alerts": [1778868372.0120044, 1778868433.237257, 1778868790.0071611]}