{"last_hash": "e5dad304fc12b822ee7d3d3c39383185", "change_alerts": [1778619676.1969736], "zamalek_alerts": [1778651714.205995, 1778652015.7364693, 1778652196.1845388]}