{"last_hash": "d809e5126780f3056f39e432d605d07a", "change_alerts": [1778691492.1375518], "zamalek_alerts": [1778703730.5424373, 1778703969.3277402, 1778704270.4072273]}