{"last_hash": "eeebdc459b5edf3d3bff855ee606e253", "change_alerts": [1779207313.696485], "zamalek_alerts": [1779227531.5257828, 1779227771.8768163, 1779227830.3075132]}