{"last_hash": "414fc712a18e4bc84422bdd77991009b", "change_alerts": [1779138069.7107458], "zamalek_alerts": [1779180431.267471, 1779180852.8924537, 1779180973.6171658]}