{"last_hash": "4b28d08cf57ae79aaf8d031c8c24688e", "change_alerts": [1778529132.1055107], "zamalek_alerts": [1778539934.618379, 1778540056.3765104, 1778540354.5413792]}