{"last_hash": "4b28d08cf57ae79aaf8d031c8c24688e", "change_alerts": [1778529132.1055107], "zamalek_alerts": [1778570529.5884333, 1778570589.6601593, 1778570650.774713]}