{"last_hash": "e5dad304fc12b822ee7d3d3c39383185", "change_alerts": [1778619676.1969736], "zamalek_alerts": [1778630174.7411609, 1778630229.1748164, 1778630656.432798]}