{"last_hash": "29e48f96202c0e71dba54072292f5e29", "change_alerts": [1778954288.3403544], "zamalek_alerts": [1778958728.4442723, 1778958909.7750602, 1778959209.1586895]}