{"last_hash": "4b28d08cf57ae79aaf8d031c8c24688e", "change_alerts": [1778529132.1055107], "zamalek_alerts": [1778542451.513865, 1778542630.1260157, 1778542869.0574255]}