{"last_hash": "07aa9a79b4b0c25d08240312482f025e", "change_alerts": [1779289092.580766], "zamalek_alerts": [1779295094.8460867, 1779295331.0265322, 1779295576.3219142]}