{"last_hash": "eeebdc459b5edf3d3bff855ee606e253", "change_alerts": [1779207313.696485], "zamalek_alerts": [1779239409.415906, 1779239529.6145422, 1779239770.5612512]}