{"last_hash": "eeebdc459b5edf3d3bff855ee606e253", "change_alerts": [1779207313.696485], "zamalek_alerts": [1779212710.9099946, 1779212891.1111314, 1779212952.0974653]}