{"last_hash": "bdb33329bd8263fccef8f0d5c1275b9b", "change_alerts": [1779051670.6056542], "zamalek_alerts": [1779054068.2548041, 1779054128.7549174, 1779054189.4956968]}