{"last_hash": "cd3d283c1910afef400931b7c8b2643c", "change_alerts": [1778878869.4335852], "zamalek_alerts": [1778906409.1449282, 1778906468.2549481, 1778906530.3601754]}