{"last_hash": "e5dad304fc12b822ee7d3d3c39383185", "change_alerts": [1778619676.1969736], "zamalek_alerts": [1778636475.6020358, 1778636731.0135055, 1778637014.8894804]}