{"last_hash": "e5dad304fc12b822ee7d3d3c39383185", "change_alerts": [1778619676.1969736], "zamalek_alerts": [1778659270.5275993, 1778659390.9051056, 1778659811.469245]}