{"last_hash": "bdb33329bd8263fccef8f0d5c1275b9b", "change_alerts": [1779051670.6056542], "zamalek_alerts": [1779094030.4095309, 1779094150.60608, 1779094210.3391113]}