{"last_hash": "cd3d283c1910afef400931b7c8b2643c", "change_alerts": [1778706069.8980925], "zamalek_alerts": [1778739669.781747, 1778740090.922661, 1778740154.8347719]}