{"last_hash": "8f0b551d2fdf7d8df0c303f311657973", "change_alerts": [1778935510.2033863], "zamalek_alerts": [1778941929.3793828, 1778942050.6670773, 1778942468.173833]}