{"last_hash": "3c278a109c702c71c2dfdf634a68d16f", "change_alerts": [1778597838.529936], "zamalek_alerts": [1778601556.977484, 1778602030.5747592, 1778602093.1145236]}