{"last_hash": "eeebdc459b5edf3d3bff855ee606e253", "change_alerts": [1779207313.696485], "zamalek_alerts": [1779288496.193865, 1779288616.4356942, 1779288972.2508726]}