{"last_hash": "eeebdc459b5edf3d3bff855ee606e253", "change_alerts": [1779207313.696485], "zamalek_alerts": [1779280810.8971732, 1779281112.7673252, 1779281291.89346]}