{"last_hash": "eeebdc459b5edf3d3bff855ee606e253", "change_alerts": [1779207313.696485], "zamalek_alerts": [1779258789.7432222, 1779258969.9068193, 1779259150.345088]}