{"last_hash": "cd3d283c1910afef400931b7c8b2643c", "change_alerts": [1778878869.4335852], "zamalek_alerts": [1778888227.9258227, 1778888289.5386188, 1778888410.3318048]}