{"last_hash": "eeebdc459b5edf3d3bff855ee606e253", "change_alerts": [1779207313.696485], "zamalek_alerts": [1779220811.2986617, 1779221058.5808313, 1779221231.1378415]}