{"last_hash": "160507726b3bbe59657966b64856b6b5", "change_alerts": [1778764036.9660027], "zamalek_alerts": [1778840948.9321392, 1778841131.1692858, 1778841254.8056078]}