{"last_hash": "160507726b3bbe59657966b64856b6b5", "change_alerts": [1778764036.9660027], "zamalek_alerts": [1778768477.170874, 1778768597.391887, 1778768712.172569]}