{"last_hash": "09a45bc277757498a3c5adef5bcfd46b", "change_alerts": [1779123497.5290146], "zamalek_alerts": [1779131949.7837763, 1779132010.9350057, 1779132070.2264879]}