{"last_hash": "4b28d08cf57ae79aaf8d031c8c24688e", "change_alerts": [1778529132.1055107], "zamalek_alerts": [1778580977.7874794, 1778581509.072417, 1778581570.9441018]}