{"last_hash": "4b28d08cf57ae79aaf8d031c8c24688e", "change_alerts": [1778529132.1055107], "zamalek_alerts": [1778580197.5218909, 1778580255.9341614, 1778580318.1948867]}