{"last_hash": "eeebdc459b5edf3d3bff855ee606e253", "change_alerts": [1779207313.696485], "zamalek_alerts": [1779213972.6625624, 1779214211.7138212, 1779214271.5622287]}