{"last_hash": "73821e7f67b267a87904e38e09d8c77c", "change_alerts": [1778684240.65375], "zamalek_alerts": [1778689047.4171433, 1778689461.1594613, 1778689577.656599]}