{"last_hash": "160507726b3bbe59657966b64856b6b5", "change_alerts": [1778764036.9660027], "zamalek_alerts": [1778808368.9693031, 1778808548.0453403, 1778808910.5585563]}