{"last_hash": "414fc712a18e4bc84422bdd77991009b", "change_alerts": [1779138069.7107458], "zamalek_alerts": [1779148808.9898887, 1779148991.527731, 1779149348.607161]}