{"last_hash": "160507726b3bbe59657966b64856b6b5", "change_alerts": [1778764036.9660027], "zamalek_alerts": [1778829789.2664003, 1778829850.98278, 1778830095.4103546]}