{"last_hash": "eeebdc459b5edf3d3bff855ee606e253", "change_alerts": [1779207313.696485], "zamalek_alerts": [1779230769.8312414, 1779231008.8986208, 1779231069.4900103]}