{"last_hash": "2a4efa092bd22dd808ac0f527a7df1bb", "change_alerts": [1778605095.8961227], "zamalek_alerts": [1778617872.192268, 1778617936.2427242, 1778618056.5170295]}