{"last_hash": "bdb33329bd8263fccef8f0d5c1275b9b", "change_alerts": [1779051670.6056542], "zamalek_alerts": [1779101470.1823766, 1779101709.1259415, 1779101829.5972426]}