{"last_hash": "cd3d283c1910afef400931b7c8b2643c", "change_alerts": [1778706069.8980925], "zamalek_alerts": [1778722628.6659331, 1778722929.5923965, 1778722996.3780358]}