{"last_hash": "160507726b3bbe59657966b64856b6b5", "change_alerts": [1778764036.9660027], "zamalek_alerts": [1778780115.6963024, 1778780183.9895496, 1778780709.5423076]}