{"last_hash": "eeebdc459b5edf3d3bff855ee606e253", "change_alerts": [1779207313.696485], "zamalek_alerts": [1779264070.4736931, 1779264250.129402, 1779264610.8283827]}