{"last_hash": "160507726b3bbe59657966b64856b6b5", "change_alerts": [1778764036.9660027], "zamalek_alerts": [1778827270.4850233, 1778827509.8379, 1778827868.5553722]}