{"last_hash": "8f0b551d2fdf7d8df0c303f311657973", "change_alerts": [1778935510.2033863], "zamalek_alerts": [1778942709.1850758, 1778943069.8444047, 1778943249.328137]}