{"last_hash": "2a4efa092bd22dd808ac0f527a7df1bb", "change_alerts": [1778605095.8961227], "zamalek_alerts": [1778612891.5888867, 1778613071.8574739, 1778613375.7904763]}