{"last_hash": "160507726b3bbe59657966b64856b6b5", "change_alerts": [1778764036.9660027], "zamalek_alerts": [1778838371.9978616, 1778838550.0445702, 1778838615.3995526]}