{"last_hash": "7a7bc9fe4c443d8f754c201100c50357", "change_alerts": [1778864289.1329484], "zamalek_alerts": [1778871431.5347106, 1778871550.9431148, 1778871670.1172185]}