{"last_hash": "9e257c2a8c968c63fad6e7dcd97faf18", "change_alerts": [1779375436.1091452], "zamalek_alerts": [1779310214.8876493, 1779310509.989222, 1779310630.4401844]}