{"last_hash": "cd3d283c1910afef400931b7c8b2643c", "change_alerts": [1778706069.8980925], "zamalek_alerts": [1778743995.7357848, 1778744169.8573203, 1778744588.750763]}