{"last_hash": "4b28d08cf57ae79aaf8d031c8c24688e", "change_alerts": [1778529132.1055107], "zamalek_alerts": [1778560275.1050367, 1778560507.91662, 1778560809.4049797]}