{"last_hash": "160507726b3bbe59657966b64856b6b5", "change_alerts": [1778764036.9660027], "zamalek_alerts": [1778835435.3099246, 1778835791.6480396, 1778835970.494109]}