{"last_hash": "cd3d283c1910afef400931b7c8b2643c", "change_alerts": [1778878869.4335852], "zamalek_alerts": [1778878451.572521, 1778878520.3920639, 1778878748.6319928]}