{"last_hash": "eeebdc459b5edf3d3bff855ee606e253", "change_alerts": [1779207313.696485], "zamalek_alerts": [1779227830.3075132, 1779228189.087673, 1779228429.9826713]}