{"last_hash": "3c278a109c702c71c2dfdf634a68d16f", "change_alerts": [1778597838.529936], "zamalek_alerts": [1778598979.8271432, 1778599398.6440828, 1778599518.4264853]}