{"last_hash": "bdb33329bd8263fccef8f0d5c1275b9b", "change_alerts": [1779051670.6056542], "zamalek_alerts": [1779077409.1117861, 1779077530.5065742, 1779077889.4911659]}