{"last_hash": "7a7bc9fe4c443d8f754c201100c50357", "change_alerts": [1778864289.1329484], "zamalek_alerts": [1778869089.4273415, 1778869449.2578301, 1778869628.97783]}