{"last_hash": "4b28d08cf57ae79aaf8d031c8c24688e", "change_alerts": [1778529132.1055107], "zamalek_alerts": [1778580858.0367017, 1778580910.2034936, 1778580977.7874794]}