{"last_hash": "cd3d283c1910afef400931b7c8b2643c", "change_alerts": [1778878869.4335852], "zamalek_alerts": [1778879770.144873, 1778879829.2931356, 1778880010.0354748]}