{"last_hash": "160507726b3bbe59657966b64856b6b5", "change_alerts": [1778764036.9660027], "zamalek_alerts": [1778781970.836672, 1778782098.2071486, 1778782150.9546568]}