{"last_hash": "160507726b3bbe59657966b64856b6b5", "change_alerts": [1778764036.9660027], "zamalek_alerts": [1778821929.8210878, 1778822048.5508492, 1778822408.4851587]}