{"last_hash": "160507726b3bbe59657966b64856b6b5", "change_alerts": [1778764036.9660027], "zamalek_alerts": [1778792114.983825, 1778792289.582295, 1778792411.3861318]}