{"last_hash": "eeebdc459b5edf3d3bff855ee606e253", "change_alerts": [1779207313.696485], "zamalek_alerts": [1779256870.3910878, 1779257050.2773502, 1779257231.0871692]}