{"last_hash": "e5dad304fc12b822ee7d3d3c39383185", "change_alerts": [1778619676.1969736], "zamalek_alerts": [1778663289.9969609, 1778663719.7480288, 1778663770.7015278]}