{"last_hash": "bdb33329bd8263fccef8f0d5c1275b9b", "change_alerts": [1779051670.6056542], "zamalek_alerts": [1779099490.6819446, 1779099789.5465775, 1779099909.870459]}