{"last_hash": "cd3d283c1910afef400931b7c8b2643c", "change_alerts": [1778706069.8980925], "zamalek_alerts": [1778752389.4670007, 1778752508.6535828, 1778752810.9896169]}