{"last_hash": "160507726b3bbe59657966b64856b6b5", "change_alerts": [1778764036.9660027], "zamalek_alerts": [1778774236.093316, 1778774298.3164723, 1778774479.8563905]}