{"last_hash": "e5dad304fc12b822ee7d3d3c39383185", "change_alerts": [1778619676.1969736], "zamalek_alerts": [1778664550.2077878, 1778665038.4801857, 1778665089.2639716]}