{"last_hash": "cd3d283c1910afef400931b7c8b2643c", "change_alerts": [1778706069.8980925], "zamalek_alerts": [1778762956.5694692, 1778763371.0806534, 1778763428.6251943]}