{"last_hash": "e5dad304fc12b822ee7d3d3c39383185", "change_alerts": [1778619676.1969736], "zamalek_alerts": [1778667730.0788672, 1778667797.7466528, 1778668156.6153727]}