{"last_hash": "4b28d08cf57ae79aaf8d031c8c24688e", "change_alerts": [1778529132.1055107], "zamalek_alerts": [1778529197.2555566, 1778529256.3428533, 1778529790.9448674]}