{"last_hash": "cd3d283c1910afef400931b7c8b2643c", "change_alerts": [1778878869.4335852], "zamalek_alerts": [1778933408.8515077, 1778933589.8989706, 1778933710.0418837]}