{"last_hash": "cd3d283c1910afef400931b7c8b2643c", "change_alerts": [1778878869.4335852], "zamalek_alerts": [1778905748.2850435, 1778905809.253346, 1778905868.248738]}