{"last_hash": "cd3d283c1910afef400931b7c8b2643c", "change_alerts": [1778878869.4335852], "zamalek_alerts": [1778923989.1253717, 1778924348.199768, 1778924528.234959]}