{"last_hash": "cd3d283c1910afef400931b7c8b2643c", "change_alerts": [1778706069.8980925], "zamalek_alerts": [1778705889.3760371, 1778706249.9886954, 1778706309.8932588]}