{"last_hash": "8f0b551d2fdf7d8df0c303f311657973", "change_alerts": [1778935510.2033863], "zamalek_alerts": [1778943249.328137, 1778943368.9576437, 1778943729.1144974]}