{"last_hash": "160507726b3bbe59657966b64856b6b5", "change_alerts": [1778764036.9660027], "zamalek_alerts": [1778791456.2829914, 1778791634.3261323, 1778791751.1932597]}