{"last_hash": "414fc712a18e4bc84422bdd77991009b", "change_alerts": [1779138069.7107458], "zamalek_alerts": [1779169631.3106594, 1779169990.2861292, 1779170108.483636]}