{"last_hash": "d809e5126780f3056f39e432d605d07a", "change_alerts": [1778691492.1375518], "zamalek_alerts": [1778701878.090769, 1778702108.2739358, 1778702349.3580487]}