{"last_hash": "cd3d283c1910afef400931b7c8b2643c", "change_alerts": [1778878869.4335852], "zamalek_alerts": [1778890988.2881925, 1778891409.319308, 1778891588.151599]}