{"last_hash": "cd3d283c1910afef400931b7c8b2643c", "change_alerts": [1778706069.8980925], "zamalek_alerts": [1778758330.0952184, 1778758508.5247102, 1778758808.939545]}