{"last_hash": "eeebdc459b5edf3d3bff855ee606e253", "change_alerts": [1779207313.696485], "zamalek_alerts": [1779241448.673296, 1779241688.9030585, 1779241929.1874537]}