{"last_hash": "eeebdc459b5edf3d3bff855ee606e253", "change_alerts": [1779207313.696485], "zamalek_alerts": [1779207133.7355726, 1779207611.5992334, 1779207673.2840025]}