{"last_hash": "cd3d283c1910afef400931b7c8b2643c", "change_alerts": [1778706069.8980925], "zamalek_alerts": [1778733855.8620722, 1778734275.0416603, 1778734394.6290255]}