{"last_hash": "cd3d283c1910afef400931b7c8b2643c", "change_alerts": [1778878869.4335852], "zamalek_alerts": [1778913607.8838348, 1778913668.3741336, 1778914148.285183]}