{"last_hash": "4b28d08cf57ae79aaf8d031c8c24688e", "change_alerts": [1778529132.1055107], "zamalek_alerts": [1778536694.4558585, 1778536875.4592807, 1778537107.9155369]}