{"last_hash": "be51e12da6e04146e96d2de7d3445bb5", "change_alerts": [1778594263.268594], "zamalek_alerts": [1778595493.7232742, 1778595615.436158, 1778595859.4692457]}