{"last_hash": "cd3d283c1910afef400931b7c8b2643c", "change_alerts": [1778706069.8980925], "zamalek_alerts": [1778761629.5129251, 1778762055.3195446, 1778762108.8484719]}