{"last_hash": "4b28d08cf57ae79aaf8d031c8c24688e", "change_alerts": [1778529132.1055107], "zamalek_alerts": [1778583555.8873258, 1778584091.6289883, 1778584149.8796697]}