{"last_hash": "160507726b3bbe59657966b64856b6b5", "change_alerts": [1778764036.9660027], "zamalek_alerts": [1778783413.2563267, 1778783842.041714, 1778783964.526496]}