{"last_hash": "e5dad304fc12b822ee7d3d3c39383185", "change_alerts": [1778619676.1969736], "zamalek_alerts": [1778643429.0970273, 1778643669.2581103, 1778643729.0970535]}