{"last_hash": "07aa9a79b4b0c25d08240312482f025e", "change_alerts": [1779289092.580766], "zamalek_alerts": [1779290472.6518261, 1779290592.518476, 1779290892.1173239]}