{"last_hash": "8b52f514fbd6943a2b525940425deba0", "change_alerts": [1779296282.168154], "zamalek_alerts": [1779295697.7775936, 1779295969.24642, 1779296235.9013517]}