{"last_hash": "cd3d283c1910afef400931b7c8b2643c", "change_alerts": [1778878869.4335852], "zamalek_alerts": [1778910369.271118, 1778910427.9224687, 1778910907.1816597]}