{"last_hash": "bdb33329bd8263fccef8f0d5c1275b9b", "change_alerts": [1779051670.6056542], "zamalek_alerts": [1779064688.1007137, 1779065168.8512194, 1779065230.2237296]}