{"last_hash": "4b28d08cf57ae79aaf8d031c8c24688e", "change_alerts": [1778529132.1055107], "zamalek_alerts": [1778572510.447886, 1778572569.8217294, 1778572636.2895246]}