{"last_hash": "4b28d08cf57ae79aaf8d031c8c24688e", "change_alerts": [1778529132.1055107], "zamalek_alerts": [1778541849.25858, 1778541970.2137933, 1778542209.9457033]}