{"last_hash": "cd3d283c1910afef400931b7c8b2643c", "change_alerts": [1778706069.8980925], "zamalek_alerts": [1778759110.2521307, 1778759410.28116, 1778759589.546492]}