{"last_hash": "cd3d283c1910afef400931b7c8b2643c", "change_alerts": [1778706069.8980925], "zamalek_alerts": [1778753710.4679515, 1778753770.5652955, 1778754069.8036056]}