{"last_hash": "07aa9a79b4b0c25d08240312482f025e", "change_alerts": [1779289092.580766], "zamalek_alerts": [1779288496.193865, 1779288616.4356942, 1779288972.2508726]}