{"last_hash": "bdb33329bd8263fccef8f0d5c1275b9b", "change_alerts": [1779051670.6056542], "zamalek_alerts": [1779102311.5595653, 1779102430.9230368, 1779102731.3956985]}