{"last_hash": "ec2410e3a0550a47ec3cf487f0337c42", "change_alerts": [1778947090.3742], "zamalek_alerts": [1778952189.6519659, 1778952248.2071035, 1778952369.2222521]}