{"last_hash": "eeebdc459b5edf3d3bff855ee606e253", "change_alerts": [1779207313.696485], "zamalek_alerts": [1779224950.5180001, 1779225130.0588925, 1779225370.397381]}