{"last_hash": "cd3d283c1910afef400931b7c8b2643c", "change_alerts": [1778878869.4335852], "zamalek_alerts": [1778903108.4788551, 1778903169.7478085, 1778903287.8718054]}