{"last_hash": "414fc712a18e4bc84422bdd77991009b", "change_alerts": [1779138069.7107458], "zamalek_alerts": [1779159368.3635788, 1779159670.2078762, 1779159730.5064628]}