{"last_hash": "ec2410e3a0550a47ec3cf487f0337c42", "change_alerts": [1778947090.3742], "zamalek_alerts": [1778949670.588091, 1778949789.5080347, 1778950210.4439669]}