{"last_hash": "414fc712a18e4bc84422bdd77991009b", "change_alerts": [1779138069.7107458], "zamalek_alerts": [1779180973.6171658, 1779181032.8029294, 1779181512.241815]}