{"last_hash": "4b28d08cf57ae79aaf8d031c8c24688e", "change_alerts": [1778529132.1055107], "zamalek_alerts": [1778577016.8484185, 1778577071.3963113, 1778577191.3782747]}