{"last_hash": "eeebdc459b5edf3d3bff855ee606e253", "change_alerts": [1779207313.696485], "zamalek_alerts": [1779274331.6737256, 1779274390.3766232, 1779274692.1487424]}