{"last_hash": "686dae7d36c901cf2f6b8b6c82352b83", "change_alerts": [1778587096.5849915], "zamalek_alerts": [1778592642.5247464, 1778592978.0081897, 1778593095.3721132]}