{"last_hash": "07aa9a79b4b0c25d08240312482f025e", "change_alerts": [1779289092.580766], "zamalek_alerts": [1779292874.3126917, 1779292991.7388835, 1779293175.565856]}