{"last_hash": "160507726b3bbe59657966b64856b6b5", "change_alerts": [1778764036.9660027], "zamalek_alerts": [1778785330.4765801, 1778785751.474964, 1778785869.8687031]}