{"last_hash": "cd3d283c1910afef400931b7c8b2643c", "change_alerts": [1778878869.4335852], "zamalek_alerts": [1778901848.4521093, 1778901907.3383677, 1778901970.1174145]}