{"last_hash": "414fc712a18e4bc84422bdd77991009b", "change_alerts": [1779138069.7107458], "zamalek_alerts": [1779204492.4908063, 1779204614.5442138, 1779205033.6829553]}