{"last_hash": "cd3d283c1910afef400931b7c8b2643c", "change_alerts": [1778706069.8980925], "zamalek_alerts": [1778762055.3195446, 1778762108.8484719, 1778762296.0927613]}