{"last_hash": "d809e5126780f3056f39e432d605d07a", "change_alerts": [1778691492.1375518], "zamalek_alerts": [1778703319.7240415, 1778703610.4776878, 1778703730.5424373]}