{"last_hash": "414fc712a18e4bc84422bdd77991009b", "change_alerts": [1779138069.7107458], "zamalek_alerts": [1779141550.7246177, 1779141729.3587682, 1779141790.007468]}