{"last_hash": "e5dad304fc12b822ee7d3d3c39383185", "change_alerts": [1778619676.1969736], "zamalek_alerts": [1778658135.6542168, 1778658496.0514376, 1778658669.7724156]}