{"last_hash": "3c278a109c702c71c2dfdf634a68d16f", "change_alerts": [1778597838.529936], "zamalek_alerts": [1778599518.4264853, 1778599634.0163321, 1778600059.227687]}