{"last_hash": "8f0b551d2fdf7d8df0c303f311657973", "change_alerts": [1778935510.2033863], "zamalek_alerts": [1778939228.1299794, 1778939348.6738713, 1778939467.9685755]}