{"last_hash": "cd3d283c1910afef400931b7c8b2643c", "change_alerts": [1778878869.4335852], "zamalek_alerts": [1778909709.153847, 1778909769.128624, 1778910249.9005644]}