{"last_hash": "e5dad304fc12b822ee7d3d3c39383185", "change_alerts": [1778619676.1969736], "zamalek_alerts": [1778643009.2409484, 1778643069.2005217, 1778643429.0970273]}