{"last_hash": "cd3d283c1910afef400931b7c8b2643c", "change_alerts": [1778706069.8980925], "zamalek_alerts": [1778753049.9999785, 1778753169.6365986, 1778753415.1530468]}