{"last_hash": "160507726b3bbe59657966b64856b6b5", "change_alerts": [1778764036.9660027], "zamalek_alerts": [1778812209.2312298, 1778812388.3347802, 1778812808.1462398]}