{"last_hash": "414fc712a18e4bc84422bdd77991009b", "change_alerts": [1779138069.7107458], "zamalek_alerts": [1779177190.238196, 1779177251.7038875, 1779177671.9961076]}