{"last_hash": "cd3d283c1910afef400931b7c8b2643c", "change_alerts": [1778878869.4335852], "zamalek_alerts": [1778920030.509217, 1778920089.5885324, 1778920448.6624963]}