{"last_hash": "cd3d283c1910afef400931b7c8b2643c", "change_alerts": [1778706069.8980925], "zamalek_alerts": [1778709549.3036988, 1778709730.680362, 1778710035.3292365]}