{"last_hash": "eeebdc459b5edf3d3bff855ee606e253", "change_alerts": [1779207313.696485], "zamalek_alerts": [1779261013.5931065, 1779261370.7668068, 1779261491.4849646]}