{"last_hash": "3c278a109c702c71c2dfdf634a68d16f", "change_alerts": [1778597838.529936], "zamalek_alerts": [1778602636.78914, 1778602701.2894967, 1778602872.8581436]}