{"last_hash": "eeebdc459b5edf3d3bff855ee606e253", "change_alerts": [1779207313.696485], "zamalek_alerts": [1779239770.5612512, 1779240010.4973178, 1779240188.8101325]}