{"last_hash": "4b28d08cf57ae79aaf8d031c8c24688e", "change_alerts": [1778529132.1055107], "zamalek_alerts": [1778564710.218666, 1778564829.6477675, 1778564955.4640777]}