{"last_hash": "4b28d08cf57ae79aaf8d031c8c24688e", "change_alerts": [1778529132.1055107], "zamalek_alerts": [1778582949.1135097, 1778583489.4594126, 1778583508.9151611]}