{"last_hash": "cd3d283c1910afef400931b7c8b2643c", "change_alerts": [1778878869.4335852], "zamalek_alerts": [1778912288.8404424, 1778912348.1754432, 1778912829.0487676]}