{"last_hash": "cd3d283c1910afef400931b7c8b2643c", "change_alerts": [1778706069.8980925], "zamalek_alerts": [1778732950.2164938, 1778733188.4528966, 1778733249.982178]}