{"last_hash": "d809e5126780f3056f39e432d605d07a", "change_alerts": [1778691492.1375518], "zamalek_alerts": [1778697010.4128277, 1778697252.9522896, 1778697377.1458235]}