{"last_hash": "cd3d283c1910afef400931b7c8b2643c", "change_alerts": [1778878869.4335852], "zamalek_alerts": [1778908328.9886281, 1778908388.97118, 1778908449.649074]}