{"last_hash": "414fc712a18e4bc84422bdd77991009b", "change_alerts": [1779138069.7107458], "zamalek_alerts": [1779196572.4837997, 1779196871.8127046, 1779196993.7081351]}