{"last_hash": "cd3d283c1910afef400931b7c8b2643c", "change_alerts": [1778706069.8980925], "zamalek_alerts": [1778710814.8473952, 1778710989.0480053, 1778711348.9403303]}