{"last_hash": "cd3d283c1910afef400931b7c8b2643c", "change_alerts": [1778706069.8980925], "zamalek_alerts": [1778717289.2306035, 1778717469.6551516, 1778717829.1688697]}