{"last_hash": "1fbe6770728135e142c32e162f42c26d", "change_alerts": [1779048249.8664134], "zamalek_alerts": [1779050948.8052654, 1779051428.6747344, 1779051548.022966]}