{"last_hash": "cd3d283c1910afef400931b7c8b2643c", "change_alerts": [1778706069.8980925], "zamalek_alerts": [1778734996.8443975, 1778735110.5335019, 1778735588.878807]}