{"last_hash": "bdb33329bd8263fccef8f0d5c1275b9b", "change_alerts": [1779051670.6056542], "zamalek_alerts": [1779058629.3639207, 1779058689.1687636, 1779058749.393538]}