{"last_hash": "eeebdc459b5edf3d3bff855ee606e253", "change_alerts": [1779207313.696485], "zamalek_alerts": [1779240188.8101325, 1779240430.0911276, 1779240612.07285]}