{"last_hash": "686dae7d36c901cf2f6b8b6c82352b83", "change_alerts": [1778587096.5849915], "zamalek_alerts": [1778589377.3825135, 1778589796.891552, 1778589856.6831772]}