{"last_hash": "bdb33329bd8263fccef8f0d5c1275b9b", "change_alerts": [1779051670.6056542], "zamalek_alerts": [1779078188.2571697, 1779078547.5962598, 1779078728.186421]}