{"last_hash": "29e48f96202c0e71dba54072292f5e29", "change_alerts": [1778954288.3403544], "zamalek_alerts": [1778957468.1362593, 1778957589.765573, 1778957888.0885062]}