{"last_hash": "cd3d283c1910afef400931b7c8b2643c", "change_alerts": [1778878869.4335852], "zamalek_alerts": [1778888410.3318048, 1778888829.6830132, 1778888947.903503]}