{"last_hash": "160507726b3bbe59657966b64856b6b5", "change_alerts": [1778764036.9660027], "zamalek_alerts": [1778792890.599454, 1778793015.5609384, 1778793371.2895384]}