{"last_hash": "414fc712a18e4bc84422bdd77991009b", "change_alerts": [1779138069.7107458], "zamalek_alerts": [1779193330.5290217, 1779193693.4684238, 1779193755.3566911]}