{"last_hash": "eeebdc459b5edf3d3bff855ee606e253", "change_alerts": [1779207313.696485], "zamalek_alerts": [1779212052.9252958, 1779212231.5948808, 1779212291.5805101]}