{"last_hash": "4b28d08cf57ae79aaf8d031c8c24688e", "change_alerts": [1778529132.1055107], "zamalek_alerts": [1778547735.4188488, 1778547974.9553094, 1778548335.129594]}