{"last_hash": "eeebdc459b5edf3d3bff855ee606e253", "change_alerts": [1779207313.696485], "zamalek_alerts": [1779284593.6696742, 1779284892.9102783, 1779285193.7662437]}