{"last_hash": "bdb33329bd8263fccef8f0d5c1275b9b", "change_alerts": [1779051670.6056542], "zamalek_alerts": [1779069130.4938843, 1779069189.118903, 1779069609.7795224]}