{"last_hash": "4b28d08cf57ae79aaf8d031c8c24688e", "change_alerts": [1778529132.1055107], "zamalek_alerts": [1778550368.8224554, 1778550489.4577897, 1778550907.9801733]}