{"last_hash": "eeebdc459b5edf3d3bff855ee606e253", "change_alerts": [1779207313.696485], "zamalek_alerts": [1779213551.8119602, 1779213613.5734644, 1779213972.6625624]}