{"last_hash": "414fc712a18e4bc84422bdd77991009b", "change_alerts": [1779138069.7107458], "zamalek_alerts": [1779184212.2552087, 1779184724.63592, 1779184811.944562]}