{"last_hash": "4b28d08cf57ae79aaf8d031c8c24688e", "change_alerts": [1778529132.1055107], "zamalek_alerts": [1778563095.7546046, 1778563396.2204416, 1778563568.5346432]}