{"last_hash": "4b28d08cf57ae79aaf8d031c8c24688e", "change_alerts": [1778529132.1055107], "zamalek_alerts": [1778562134.9920454, 1778562249.050312, 1778562489.5997193]}