{"last_hash": "414fc712a18e4bc84422bdd77991009b", "change_alerts": [1779138069.7107458], "zamalek_alerts": [1779163629.6683726, 1779163808.735248, 1779164169.729763]}