{"last_hash": "414fc712a18e4bc84422bdd77991009b", "change_alerts": [1779138069.7107458], "zamalek_alerts": [1779168070.0714087, 1779168130.5953097, 1779168311.151585]}