{"last_hash": "2a4efa092bd22dd808ac0f527a7df1bb", "change_alerts": [1778605095.8961227], "zamalek_alerts": [1778618590.754265, 1778618711.811126, 1778619129.2899687]}