{"last_hash": "160507726b3bbe59657966b64856b6b5", "change_alerts": [1778764036.9660027], "zamalek_alerts": [1778836636.375625, 1778836695.4808984, 1778837115.3931105]}