{"last_hash": "e5dad304fc12b822ee7d3d3c39383185", "change_alerts": [1778619676.1969736], "zamalek_alerts": [1778647274.5154324, 1778647574.1407733, 1778647629.2027864]}