{"last_hash": "cd3d283c1910afef400931b7c8b2643c", "change_alerts": [1778706069.8980925], "zamalek_alerts": [1778751549.1124218, 1778751730.1477218, 1778751850.0142195]}