{"last_hash": "a3d39669501398a9443fe7bcf272ce2a", "change_alerts": [1779019088.208023], "zamalek_alerts": [1778964728.3663683, 1778964908.775344, 1778965148.4410048]}