{"last_hash": "8f0b551d2fdf7d8df0c303f311657973", "change_alerts": [1778935510.2033863], "zamalek_alerts": [1778940489.1863122, 1778940609.78915, 1778940729.7921216]}