{"last_hash": "414fc712a18e4bc84422bdd77991009b", "change_alerts": [1779138069.7107458], "zamalek_alerts": [1779183493.1478662, 1779183552.4378314, 1779184091.1383812]}