{"last_hash": "160507726b3bbe59657966b64856b6b5", "change_alerts": [1778764036.9660027], "zamalek_alerts": [1778810469.148736, 1778810891.0543447, 1778810948.6381826]}