{"last_hash": "7a7bc9fe4c443d8f754c201100c50357", "change_alerts": [1778864289.1329484], "zamalek_alerts": [1778870768.9666336, 1778870889.0087354, 1778871011.9428663]}