{"last_hash": "414fc712a18e4bc84422bdd77991009b", "change_alerts": [1779138069.7107458], "zamalek_alerts": [1779150607.7563899, 1779150669.9064934, 1779150910.5868957]}