{"last_hash": "cd3d283c1910afef400931b7c8b2643c", "change_alerts": [1778878869.4335852], "zamalek_alerts": [1778919368.4496489, 1778919428.1525135, 1778919847.714979]}