{"last_hash": "686dae7d36c901cf2f6b8b6c82352b83", "change_alerts": [1778587096.5849915], "zamalek_alerts": [1778587269.396197, 1778587329.1830916, 1778587456.3807342]}