{"last_hash": "e5dad304fc12b822ee7d3d3c39383185", "change_alerts": [1778619676.1969736], "zamalek_alerts": [1778635871.1780505, 1778636108.3133864, 1778636355.4650047]}