{"last_hash": "4b28d08cf57ae79aaf8d031c8c24688e", "change_alerts": [1778529132.1055107], "zamalek_alerts": [1778535615.9050164, 1778535788.3108032, 1778536029.6309047]}