{"last_hash": "160507726b3bbe59657966b64856b6b5", "change_alerts": [1778764036.9660027], "zamalek_alerts": [1778823248.6855247, 1778823309.778465, 1778823728.6481223]}