{"last_hash": "414fc712a18e4bc84422bdd77991009b", "change_alerts": [1779138069.7107458], "zamalek_alerts": [1779172029.5815723, 1779172150.521608, 1779172569.6090133]}