{"last_hash": "160507726b3bbe59657966b64856b6b5", "change_alerts": [1778764036.9660027], "zamalek_alerts": [1778790429.6058598, 1778790796.7884674, 1778790971.517974]}