{"last_hash": "160507726b3bbe59657966b64856b6b5", "change_alerts": [1778764036.9660027], "zamalek_alerts": [1778854212.2944052, 1778854392.2487454, 1778854691.8347044]}