{"last_hash": "89e6927578bb6e93f34688e38014974a", "change_alerts": [1779112693.5909824], "zamalek_alerts": [1779115093.0213823, 1779115151.5411904, 1779115397.1159308]}