{"last_hash": "cd3d283c1910afef400931b7c8b2643c", "change_alerts": [1778878869.4335852], "zamalek_alerts": [1778912950.3305361, 1778913007.595937, 1778913489.121904]}