{"last_hash": "414fc712a18e4bc84422bdd77991009b", "change_alerts": [1779138069.7107458], "zamalek_alerts": [1779190511.5412626, 1779190632.4922898, 1779190809.5002735]}