{"last_hash": "eeebdc459b5edf3d3bff855ee606e253", "change_alerts": [1779207313.696485], "zamalek_alerts": [1779262989.3943675, 1779263350.6380367, 1779263411.421541]}