{"last_hash": "16a9910a5413bd70b2557681210f8c44", "change_alerts": [1779969856.7037916], "zamalek_alerts": [1779310214.8876493, 1779310509.989222, 1779310630.4401844]}