{"last_hash": "7a7bc9fe4c443d8f754c201100c50357", "change_alerts": [1778864289.1329484], "zamalek_alerts": [1778873950.8872125, 1778874069.8388624, 1778874249.9675179]}