{"last_hash": "bdb33329bd8263fccef8f0d5c1275b9b", "change_alerts": [1779051670.6056542], "zamalek_alerts": [1779079508.7175424, 1779079749.9511547, 1779079930.10862]}