{"last_hash": "eeebdc459b5edf3d3bff855ee606e253", "change_alerts": [1779207313.696485], "zamalek_alerts": [1779273370.9936428, 1779273670.136523, 1779273730.9214807]}