{"last_hash": "2a4efa092bd22dd808ac0f527a7df1bb", "change_alerts": [1778605095.8961227], "zamalek_alerts": [1778606657.7341468, 1778607133.143391, 1778607256.9990008]}