{"last_hash": "eeebdc459b5edf3d3bff855ee606e253", "change_alerts": [1779207313.696485], "zamalek_alerts": [1779273010.6912484, 1779273130.2945302, 1779273370.9936428]}