{"last_hash": "eeebdc459b5edf3d3bff855ee606e253", "change_alerts": [1779207313.696485], "zamalek_alerts": [1779209529.2869413, 1779209649.7934458, 1779209710.6324089]}