{"last_hash": "160507726b3bbe59657966b64856b6b5", "change_alerts": [1778764036.9660027], "zamalek_alerts": [1778833930.9666693, 1778834049.1655536, 1778834108.041649]}