{"last_hash": "0bbb663d12daf45b3218e88e071865f3", "change_alerts": [1778680690.9927504], "zamalek_alerts": [1778680092.3494933, 1778680235.3975718, 1778680582.0860229]}