{"last_hash": "eeebdc459b5edf3d3bff855ee606e253", "change_alerts": [1779207313.696485], "zamalek_alerts": [1779276610.4347892, 1779276851.5959227, 1779276910.9422956]}