{"last_hash": "bdb33329bd8263fccef8f0d5c1275b9b", "change_alerts": [1779051670.6056542], "zamalek_alerts": [1779094210.3391113, 1779094630.9054592, 1779094810.543783]}