{"last_hash": "eeebdc459b5edf3d3bff855ee606e253", "change_alerts": [1779207313.696485], "zamalek_alerts": [1779217451.090208, 1779217570.3812711, 1779217870.3612509]}