{"last_hash": "160507726b3bbe59657966b64856b6b5", "change_alerts": [1778764036.9660027], "zamalek_alerts": [1778821390.4598644, 1778821751.5680401, 1778821929.8210878]}