{"last_hash": "e5dad304fc12b822ee7d3d3c39383185", "change_alerts": [1778619676.1969736], "zamalek_alerts": [1778621235.0410466, 1778621650.2678685, 1778621769.0887117]}