{"last_hash": "160507726b3bbe59657966b64856b6b5", "change_alerts": [1778764036.9660027], "zamalek_alerts": [1778785997.5892768, 1778786418.608257, 1778786475.9277709]}