{"last_hash": "eeebdc459b5edf3d3bff855ee606e253", "change_alerts": [1779207313.696485], "zamalek_alerts": [1779232329.497438, 1779232389.9127784, 1779232689.6576257]}