{"last_hash": "2a4efa092bd22dd808ac0f527a7df1bb", "change_alerts": [1778605095.8961227], "zamalek_alerts": [1778614150.1918657, 1778614276.6458304, 1778614690.5679727]}