{"last_hash": "160507726b3bbe59657966b64856b6b5", "change_alerts": [1778764036.9660027], "zamalek_alerts": [1778787872.0574017, 1778788336.0182195, 1778788390.609506]}