{"last_hash": "eeebdc459b5edf3d3bff855ee606e253", "change_alerts": [1779207313.696485], "zamalek_alerts": [1779216850.436387, 1779216911.4331448, 1779217210.5647538]}