{"last_hash": "160507726b3bbe59657966b64856b6b5", "change_alerts": [1778764036.9660027], "zamalek_alerts": [1778812808.1462398, 1778812869.558645, 1778812990.600868]}