{"last_hash": "cd3d283c1910afef400931b7c8b2643c", "change_alerts": [1778878869.4335852], "zamalek_alerts": [1778894110.2940018, 1778894228.1391306, 1778894649.8107152]}