{"last_hash": "6b097bb856b067af1f18dcb7eef033d7", "change_alerts": [1779105430.6761575], "zamalek_alerts": [1779108733.0720057, 1779108909.8805652, 1779109213.3186402]}