{"last_hash": "414fc712a18e4bc84422bdd77991009b", "change_alerts": [1779138069.7107458], "zamalek_alerts": [1779156428.7585568, 1779156548.8407764, 1779156729.6915524]}