{"last_hash": "be51e12da6e04146e96d2de7d3445bb5", "change_alerts": [1778594263.268594], "zamalek_alerts": [1778596812.6389058, 1778596940.6429446, 1778597110.2636855]}