{"last_hash": "414fc712a18e4bc84422bdd77991009b", "change_alerts": [1779138069.7107458], "zamalek_alerts": [1779145088.8614805, 1779145450.508519, 1779145631.158259]}