{"last_hash": "414fc712a18e4bc84422bdd77991009b", "change_alerts": [1779138069.7107458], "zamalek_alerts": [1779162908.650553, 1779162969.817736, 1779163151.1268184]}