{"last_hash": "cd3d283c1910afef400931b7c8b2643c", "change_alerts": [1778706069.8980925], "zamalek_alerts": [1778759716.00028, 1778760075.6710608, 1778760190.302342]}