{"last_hash": "160507726b3bbe59657966b64856b6b5", "change_alerts": [1778764036.9660027], "zamalek_alerts": [1778818509.338018, 1778818689.0802658, 1778818808.5075555]}