{"last_hash": "eeebdc459b5edf3d3bff855ee606e253", "change_alerts": [1779207313.696485], "zamalek_alerts": [1779208392.8258576, 1779208871.8230777, 1779208991.4296968]}