{"last_hash": "cd3d283c1910afef400931b7c8b2643c", "change_alerts": [1778706069.8980925], "zamalek_alerts": [1778712136.444834, 1778712254.9060557, 1778712609.0111494]}