{"last_hash": "bdb33329bd8263fccef8f0d5c1275b9b", "change_alerts": [1779051670.6056542], "zamalek_alerts": [1779094810.543783, 1779094872.4612286, 1779095231.9736307]}