{"last_hash": "eeebdc459b5edf3d3bff855ee606e253", "change_alerts": [1779207313.696485], "zamalek_alerts": [1779285497.791555, 1779285802.1808615, 1779285859.8715281]}