{"last_hash": "bdb33329bd8263fccef8f0d5c1275b9b", "change_alerts": [1779051670.6056542], "zamalek_alerts": [1779074228.978404, 1779074349.4949825, 1779074709.4189658]}