{"last_hash": "cd3d283c1910afef400931b7c8b2643c", "change_alerts": [1778706069.8980925], "zamalek_alerts": [1778721314.5616229, 1778721670.5875719, 1778721789.9456093]}