{"last_hash": "160507726b3bbe59657966b64856b6b5", "change_alerts": [1778764036.9660027], "zamalek_alerts": [1778829189.4761262, 1778829430.7457044, 1778829789.2664003]}