{"last_hash": "eeebdc459b5edf3d3bff855ee606e253", "change_alerts": [1779207313.696485], "zamalek_alerts": [1779241031.7070985, 1779241268.935912, 1779241448.673296]}