{"last_hash": "cd3d283c1910afef400931b7c8b2643c", "change_alerts": [1778706069.8980925], "zamalek_alerts": [1778728088.862756, 1778728149.0615506, 1778728515.015879]}