{"last_hash": "eeebdc459b5edf3d3bff855ee606e253", "change_alerts": [1779207313.696485], "zamalek_alerts": [1779236169.1080081, 1779236292.2314403, 1779236529.3037357]}