{"last_hash": "eeebdc459b5edf3d3bff855ee606e253", "change_alerts": [1779207313.696485], "zamalek_alerts": [1779237790.7924004, 1779238148.6658156, 1779238210.1888087]}