{"last_hash": "cd3d283c1910afef400931b7c8b2643c", "change_alerts": [1778706069.8980925], "zamalek_alerts": [1778741354.348293, 1778741469.1791084, 1778741649.1211174]}