{"last_hash": "4b28d08cf57ae79aaf8d031c8c24688e", "change_alerts": [1778529132.1055107], "zamalek_alerts": [1778582236.7456033, 1778582289.4615993, 1778582779.9243195]}