{"last_hash": "cd3d283c1910afef400931b7c8b2643c", "change_alerts": [1778706069.8980925], "zamalek_alerts": [1778710335.460596, 1778710690.8638396, 1778710814.8473952]}