{"last_hash": "cd3d283c1910afef400931b7c8b2643c", "change_alerts": [1778706069.8980925], "zamalek_alerts": [1778760190.302342, 1778760370.84736, 1778760737.0218341]}