{"last_hash": "cd3d283c1910afef400931b7c8b2643c", "change_alerts": [1778706069.8980925], "zamalek_alerts": [1778741649.1211174, 1778742016.0086002, 1778742076.4270964]}